,name,category,labels,resource,github_id,license,description,github_url,homepage,created_at,updated_at,last_commit_pushed_at,commit_count,fork_count,open_issue_count,star_count,contributor_count,projectrank,show,docs_url,watchers_count,pr_count,closed_issue_count,latest_stable_release_published_at,latest_stable_release_number,release_count,recent_commit_count,pypi_id,conda_id,github_release_downloads,monthly_downloads,dependent_project_count,github_dependent_project_count,pypi_url,pypi_latest_release_published_at,pypi_dependent_project_count,pypi_monthly_downloads,conda_url,conda_latest_release_published_at,conda_total_downloads,projectrank_placing,dockerhub_id,dockerhub_url,dockerhub_latest_release_published_at,dockerhub_pulls,trending,dockerhub_stars,updated_github_id,gitlab_id,gitlab_url
0,Australian MV-LV Networks,data,"['jupyter', 'python', 'university']",True,Team-Nando/MV-LV-Networks,BSD-3,Large-scale three-phase Australian MV distribution networks with pseudo LV networks.,https://github.com/Team-Nando/MV-LV-Networks,https://github.com/Team-Nando/MV-LV-Networks,2024-03-26 03:29:17,2024-03-27 00:24:02.000000,2024-03-27 00:23:23,9.0,13.0,1.0,31.0,2.0,0,True,,,,,,,,,,,,,,,,,,,,,,,,,,,,,,,
1,Power Grid Lib - Optimal Power Flow,data,['non-profit'],True,power-grid-lib/pglib-opf,CC-BY-4.0,Benchmarks for OPF.,https://github.com/power-grid-lib/pglib-opf,https://power-grid-lib.github.io,2017-06-27 19:02:06,2023-07-24 16:17:02.000000,2023-07-24 16:12:04,15.0,94.0,15.0,407.0,1.0,0,True,https://arxiv.org/abs/1908.02788,24.0,11.0,23.0,2023-07-24 16:17:02.000,23.07,8.0,,,,,,,,,,,,,,,,,,,,,,,,
2,Power Grid Lib - Unit Commitment,data,['non-profit'],True,power-grid-lib/pglib-uc,CC-BY-4.0,Benchmarks for UC.,https://github.com/power-grid-lib/pglib-uc,https://power-grid-lib.github.io,2019-08-02 23:31:34,2026-04-22 14:48:44.000000,2026-04-22 14:48:44,19.0,35.0,4.0,127.0,4.0,0,True,,4.0,2.0,2.0,2019-08-07 20:35:09.000,19.08,1.0,1.0,,,,,,,,,,,,,,,,,,,,,,,
3,Power Grid Lib - Optimal Power Flow with HVDC Lines,data,['non-profit'],True,power-grid-lib/pglib-opf-hvdc,CC-BY-4.0,Benchmarks for OPF with HVDC.,https://github.com/power-grid-lib/pglib-opf-hvdc,https://power-grid-lib.github.io,2019-08-05 18:59:16,2023-10-06 14:38:09.000000,2023-10-06 14:35:21,15.0,7.0,,26.0,2.0,0,True,https://ieeexplore.ieee.org/document/8636236,1.0,1.0,,2023-10-06 14:38:45.000,23.09,2.0,,,,,,,,,,,,,,,,,,,,,,,,
4,WECC-and-NPCC-Electricity-Economic-Data,data,['university'],True,enliten/ENLITEN-Grid-Econ-Data,GPL-3,Economic data on WECC and NPCC.,https://github.com/enliten/ENLITEN-Grid-Econ-Data,https://github.com/enliten/ENLITEN-Grid-Econ-Data,2022-12-05 19:17:45,2024-06-04 17:21:48.000000,2024-06-04 17:21:47,42.0,2.0,,14.0,4.0,0,True,,2.0,,,2022-12-06 05:06:06.000,WECC-and-NPCC,1.0,,,,,,,,,,,,,,,,,,,,,,,,
5,OpenDataElia,data,['non-profit'],True,,CC-BY-4.0,Data by opendatasoft.,,https://opendata.elia.be/pages/home/,,,,,,,,,0,True,https://help.opendatasoft.com/en/home,,,,,,,,,,,,,,,,,,,,,,,,,,,,,,
6,Data on Energy,data,['non-profit'],True,owid/energy-data,CC-BY,Data on energy by Our World in Data.,https://github.com/owid/energy-data,https://github.com/owid/energy-data,2020-09-08 15:21:25,2026-04-27 15:15:58.000000,2026-04-27 15:15:52,299.0,108.0,1.0,415.0,7.0,0,True,,13.0,43.0,10.0,,,,3.0,,,,,,,,,,,,,,,,,,,,,,,
7,COVID-EMDA,data,"['python', 'university']",True,tamu-engineering-research/COVID-EMDA,MIT,Cross-Domain Data Hub with Data in USA.,https://github.com/tamu-engineering-research/COVID-EMDA,https://github.com/tamu-engineering-research/COVID-EMDA,2020-05-05 18:59:53,2024-04-23 16:12:16.000000,2024-04-23 16:11:59,986.0,22.0,1.0,60.0,5.0,0,True,,4.0,,,,,,,,,,,,,,,,,,,,,,,,,,,,,
8,Electrical Signals Databases,data,['for-profit'],True,rte-france/digital-fault-recording-database,ODbL-1.0,Voltage and current samples from Digital Fault Recorder.,https://github.com/rte-france/digital-fault-recording-database,https://github.com/rte-france/digital-fault-recording-database,2024-05-27 07:22:44,2025-02-10 12:00:46.000000,2025-02-10 12:00:45,18.0,10.0,2.0,34.0,2.0,0,True,,2.0,,,,,,,,,,,,,,,,,,,,,,,,,,,,,
9,A new power system benchmark,data,['lab'],True,lbl-hub/CSEE-Benchmark,,A new type of power system calculation example by the China EPRI.,https://github.com/lbl-hub/CSEE-Benchmark,https://github.com/lbl-hub/CSEE-Benchmark,2023-12-18 09:09:08,2026-06-25 09:21:36.000000,2026-06-25 09:21:35,178.0,9.0,,42.0,,0,True,,1.0,,,,,,2.0,,,,,,,,,,,,,,,,,,,,,,,
10,pmuBAGE,data,['university'],True,NanpengYu/pmuBAGE,,Synthetic phasor measurement unit dataset.,https://github.com/NanpengYu/pmuBAGE,https://github.com/NanpengYu/pmuBAGE,2022-03-18 05:10:00,2022-04-07 00:15:41.000000,2022-04-07 00:15:41,18.0,2.0,1.0,8.0,2.0,0,True,,1.0,,,,,,,,,,,,,,,,,,,,,,,,,,,,,
11,PowerCyber Training,book,"['jupyter', 'gha', 'python', 'university']",True,PowerCyberTraining/powercybertraining.github.io,CC BY-NC-ND 4.0,PowerCyber Training modules source.,https://github.com/PowerCyberTraining/powercybertraining.github.io,https://powercybertraining.github.io,2024-02-16 22:06:15,2025-09-20 01:55:53.000000,2025-09-20 01:55:43,287.0,5.0,,11.0,8.0,0,True,,1.0,23.0,2.0,,,,,,,,,,,,,,,,,,,,,,,,,,,
12,TextbookSimulations,book,"['julia', 'jupyter', 'university']",True,Power-Systems-Textbook/TextbookSimulations,CC0-1.0,Examples and problems accompanying Daniel Kirschens Power Systems Textbook.,https://github.com/Power-Systems-Textbook/TextbookSimulations,https://github.com/Power-Systems-Textbook/TextbookSimulations,2022-10-12 19:10:15,2023-11-08 22:54:41.000000,2023-11-08 22:54:34,56.0,3.0,,12.0,2.0,0,True,,,4.0,,,,,,,,,,,,,,,,,,,,,,,,,,,,
13,UTK ECE 522 - Power System Analysis II,book,"['python', 'jupyter', 'university']",True,CURENT/ece522,MIT,Hands-on Project for Power System Analysis II (UTK ECE 522).,https://github.com/CURENT/ece522,https://github.com/CURENT/ece522,2023-01-18 03:35:44,2025-11-12 23:01:36.000000,2025-11-12 23:01:36,15.0,2.0,,6.0,4.0,0,True,,3.0,1.0,,,,,,,,,,,,,,,,,,,,,,,,,,,,
14,ELEC0447 Analysis of Electric Power and Energy Systems,book,"['python', 'jupyter', 'university']",True,bcornelusse/ELEC0447-analysis-power-systems,BSD-2.0,Masters course of power systems analysis at ULige.,https://github.com/bcornelusse/ELEC0447-analysis-power-systems,https://github.com/bcornelusse/ELEC0447-analysis-power-systems,2020-06-17 14:45:34,2025-12-08 12:26:50.000000,2025-12-08 12:26:50,335.0,11.0,1.0,23.0,6.0,0,True,,2.0,1.0,,,,,,,,,,,,,,,,,,,,,,,,,,,,
15,Tutorial on DER Hosting Capacity Part 0,book,"['jupyter', 'python', 'university']",True,Team-Nando/Tutorial-DERHostingCapacity-0-dss_python,BSD-3.0,Using dss_python.,https://github.com/Team-Nando/Tutorial-DERHostingCapacity-0-dss_python,https://github.com/Team-Nando/Tutorial-DERHostingCapacity-0-dss_python,2022-11-30 04:16:00,2024-12-09 04:10:44.000000,2024-12-09 04:10:38,45.0,4.0,,6.0,5.0,0,True,,,,,,,,,,,,,,,,,,,,,,,,,,,,,,,
16,Tutorial on DER Hosting Capacity Part 1,book,"['jupyter', 'python', 'university']",True,Team-Nando/Tutorial-DERHostingCapacity-1-AdvancedTools_LV,BSD-3.0,Advanced Tools for the Analysis of Three-Phase Unbalanced LV Networks.,https://github.com/Team-Nando/Tutorial-DERHostingCapacity-1-AdvancedTools_LV,https://github.com/Team-Nando/Tutorial-DERHostingCapacity-1-AdvancedTools_LV,2023-03-09 03:28:07,2026-04-28 01:23:17.000000,2026-04-28 01:23:16,34.0,3.0,,5.0,6.0,0,True,,1.0,,,,,,1.0,,,,,,,,,,,,,,,,,,,,,,,
17,Tutorial on DER Hosting Capacity Part 2,book,"['jupyter', 'python', 'university']",True,Team-Nando/Tutorial-DERHostingCapacity-2-TimeSeries_LV,BSD-3.0,Time-Series Analysis and PV Hosting Capacity of LV Networks.,https://github.com/Team-Nando/Tutorial-DERHostingCapacity-2-TimeSeries_LV,https://github.com/Team-Nando/Tutorial-DERHostingCapacity-2-TimeSeries_LV,2022-12-01 03:15:41,2026-04-28 01:29:29.000000,2026-04-28 01:29:29,41.0,1.0,,2.0,6.0,0,True,,,,,,,,1.0,,,,,,,,,,,,,,,,,,,,,,,
18,Tutorial on DER Hosting Capacity Part 3,book,"['jupyter', 'python', 'university']",True,Team-Nando/Tutorial-DERHostingCapacity-3-VoltWatt_LV,BSD-3.0,Volt-Watt Control and PV Hosting Capacity of LV Networks.,https://github.com/Team-Nando/Tutorial-DERHostingCapacity-3-VoltWatt_LV,https://github.com/Team-Nando/Tutorial-DERHostingCapacity-3-VoltWatt_LV,2023-05-29 06:17:07,2026-04-28 01:30:12.000000,2026-04-28 01:30:11,20.0,,,1.0,5.0,0,True,,,,,,,,1.0,,,,,,,,,,,,,,,,,,,,,,,
19,Tutorial on DER Hosting Capacity Part 4,book,"['jupyter', 'python', 'university']",True,Team-Nando/Tutorial-DERHostingCapacity-4-MonteCarlo_MV-LV,BSD-3.0,Monte Carlo Assessment of PV Hosting Capacity of an Integrated MV-LV Network.,https://github.com/Team-Nando/Tutorial-DERHostingCapacity-4-MonteCarlo_MV-LV,https://github.com/Team-Nando/Tutorial-DERHostingCapacity-4-MonteCarlo_MV-LV,2023-05-29 23:51:23,2024-12-09 03:42:30.000000,2024-12-09 03:42:26,27.0,2.0,,3.0,5.0,0,True,,,,,,,,,,,,,,,,,,,,,,,,,,,,,,,
20,LTB Demo,book,"['jupyter', 'python', 'university']",True,CURENT/demo,MIT,Ready-to-use LTB usage examples.,https://github.com/CURENT/demo,https://ltb.curent.org,2023-03-28 15:37:01,2025-11-10 14:41:32.000000,2025-11-10 14:40:05,220.0,2.0,,4.0,4.0,0,True,,1.0,1.0,1.0,,,,,,,,,,,,,,,,,,,,,,,,,,,
21,CVXPY,opl,"['gha', 'pypi', 'conda', 'python', 'university']",,cvxpy/cvxpy,Apache-2,Convex optimization modeling language.,https://github.com/cvxpy/cvxpy,https://github.com/cvxpy/cvxpy,2013-07-01 23:48:58,2026-06-25 17:58:55.000000,2026-06-25 17:57:55,3987.0,1184.0,196.0,6263.0,260.0,41,True,http://www.cvxpy.org/,127.0,1624.0,1474.0,2026-06-22 04:27:28.000,1.9.2,150.0,101.0,cvxpy,conda-forge/cvxpy,805.0,4193974.0,20126.0,19097.0,https://pypi.org/project/cvxpy,2026-06-22 04:27:28.000,1029.0,4164339.0,https://anaconda.org/conda-forge/cvxpy,2026-05-27 20:54:40.749,2133019.0,1.0,,,,,,,,,
22,Pyomo,opl,"['gha', 'pypi', 'conda', 'jupyter', 'python', 'lab']",,Pyomo/pyomo,BSD-3,Python-based Optimization Modeling Language.,https://github.com/Pyomo/pyomo,https://www.pyomo.org,2016-05-27 19:33:45,2026-06-24 15:52:19.000000,2026-06-24 15:52:18,31272.0,580.0,354.0,2479.0,201.0,40,True,https://pyomo.readthedocs.io/en/stable/,55.0,2452.0,1194.0,2026-06-04 21:52:31.000,6.10.1,52.0,679.0,Pyomo,conda-forge/pyomo,6444.0,1288658.0,5050.0,4819.0,https://pypi.org/project/Pyomo,2026-06-04 21:45:39.000,231.0,1256433.0,https://anaconda.org/conda-forge/pyomo,2026-06-05 00:04:25.023,2311383.0,2.0,,,,,,,,,
23,OR-Tools,ops,"['gha', 'pypi', 'conda', 'python', 'cpp', 'java', 'for-profit']",,google/or-tools,Apache-2,Google Optimization Tools.,https://github.com/google/or-tools,https://developers.google.com/optimization/,2015-02-21 01:25:35,2026-06-23 20:49:32.000000,2026-06-09 22:31:53,15819.0,2398.0,102.0,13684.0,202.0,39,True,https://developers.google.com/optimization/introduction,309.0,839.0,3129.0,2026-01-14 15:37:43.000,9.15.6755,83.0,7.0,ortools,conda-forge/ortools-python,407308.0,5630523.0,761.0,372.0,https://pypi.org/project/ortools,2026-01-14 15:37:43.000,389.0,5624552.0,https://anaconda.org/conda-forge/ortools-python,2025-04-22 14:58:03.564,157624.0,1.0,,,,,,,,,
24,Xopt,ops,"['gha', 'python', 'pypi', 'conda', 'lab']",,google/or-tools,MPL-2.0,Flexible high-level optimization in Python.,https://github.com/google/or-tools,https://github.com/google/or-tools,2015-02-21 01:25:35,2026-06-23 20:49:32.000000,2026-06-09 22:31:53,15819.0,2398.0,102.0,13684.0,202.0,35,True,https://xopt.xopt.org/index.html,309.0,839.0,3129.0,2026-06-17 19:43:17.000,3.1.1,56.0,7.0,xopt,conda-forge/xopt,407308.0,7650.0,381.0,372.0,https://pypi.org/project/xopt,2026-06-17 19:43:17.000,9.0,3134.0,https://anaconda.org/conda-forge/xopt,2026-06-18 08:06:28.547,84271.0,1.0,,,,,,,,,
25,pandapower,steady-state,"['gha', 'pypi', 'conda', 'jupyter', 'python', 'university']",,e2nIEE/pandapower,BSD-3,Convenient Power System Modelling and Analysis.,https://github.com/e2nIEE/pandapower,https://www.pandapower.org/,2017-01-12 13:27:53,2026-06-25 10:55:56.000000,2026-06-22 12:14:13,10764.0,567.0,157.0,1203.0,190.0,35,True,https://pandapower.readthedocs.io/en/latest/,49.0,1748.0,985.0,2026-03-13 14:51:16.000,3.3.3,60.0,46.0,pandapower,conda-forge/pandapower,,319061.0,660.0,580.0,https://pypi.org/project/pandapower,2026-03-13 14:51:16.000,80.0,318454.0,https://anaconda.org/conda-forge/pandapower,2025-10-27 08:12:12.961,42436.0,1.0,pauldepraz/pandapowerapi,https://hub.docker.com/r/pauldepraz/pandapowerapi,2021-02-09 18:05:17.389840,196.0,,,,,
26,Tulip,ops,"['gha', 'julia', 'university']",,google/or-tools,MPL-2.0,Interior-point solver in pure Julia.,https://github.com/google/or-tools,https://github.com/google/or-tools,2015-02-21 01:25:35,2026-06-23 20:49:32.000000,2026-06-09 22:31:53,15819.0,2398.0,102.0,13684.0,202.0,34,True,https://ds4dm.github.io/Tulip.jl/stable/,309.0,839.0,3129.0,2026-01-12 15:38:30.000,9.15,52.0,7.0,,,407308.0,3157.0,372.0,372.0,,,,,,,,2.0,,,,,,,,,
27,PyPSA,steady-state,"['gha', 'pypi', 'conda', 'python', 'jupyter', 'university']",,PyPSA/PyPSA,MIT,Python for Power System Analysis.,https://github.com/PyPSA/PyPSA,https://pypsa.org,2016-01-11 09:04:18,2026-06-25 16:29:22.000000,2026-06-25 13:27:59,3297.0,654.0,160.0,2032.0,119.0,33,True,https://pypsa.readthedocs.io/en/latest/,68.0,1147.0,446.0,2026-06-12 15:39:11.000,1.2.3,89.0,50.0,pypsa,conda-forge/pypsa,,82794.0,394.0,335.0,https://pypi.org/project/pypsa,2026-06-12 15:39:11.000,59.0,79379.0,https://anaconda.org/conda-forge/pypsa,2026-06-14 08:55:18.249,242486.0,1.0,,,,,,,,,
28,HiGHS,ops,"['gha', 'pypi', 'conda', 'jupyter', 'python', 'c', 'julia', 'rust', 'r', 'cpp', 'university']",,ERGO-Code/HiGHS,MIT,Large-scale Sparse Linear Problem Optimizer.,https://github.com/ERGO-Code/HiGHS,https://highs.dev/,2018-03-27 13:57:58,2026-06-25 19:07:02.000000,2026-06-06 11:28:15,14429.0,326.0,171.0,1676.0,115.0,33,True,https://ergo-code.github.io/HiGHS/,31.0,1758.0,969.0,2026-04-06 15:51:33.000,1.14.0,23.0,41.0,highspy,conda-forge/highs,55481.0,2692232.0,172.0,,https://pypi.org/project/highspy,2026-04-06 15:51:33.000,172.0,2688937.0,https://anaconda.org/conda-forge/highs,2026-04-06 18:12:02.065,79404.0,2.0,,,,,-1.0,,,,
29,OSQP,ops,"['gha', 'pypi', 'conda', 'python', 'c', 'julia', 'octave', 'r', 'university']",,osqp/osqp,Apache-2,Operator Splitting QP Solver.,https://github.com/osqp/osqp,https://osqp.org,2016-09-27 03:02:46,2026-06-13 15:04:55.356000,2025-11-10 12:54:10,2982.0,408.0,124.0,2148.0,36.0,32,True,https://osqp.org/docs/get_started/,40.0,314.0,278.0,2026-06-09 18:18:17.000,1.1.2,48.0,,osqp,conda-forge/osqp,214289.0,4437924.0,169.0,,https://pypi.org/project/osqp,2026-06-12 16:58:37.000,169.0,4412544.0,https://anaconda.org/conda-forge/osqp,2026-06-13 15:04:55.356,1523143.0,2.0,,,,,,,,,
30,Power Grid Model,steady-state,"['gha', 'pypi', 'conda', 'python', 'c', 'jupyter', 'non-profit']",,PowerGridModel/power-grid-model,MPL-2.0,Steady-state distribution power system analysis.,https://github.com/PowerGridModel/power-grid-model,https://github.com/PowerGridModel/power-grid-model,2022-01-20 12:31:31,2026-06-25 14:02:11.000000,2026-06-24 10:13:12,10872.0,67.0,115.0,229.0,198.0,32,True,https://power-grid-model.readthedocs.io/en/stable/,5.0,1128.0,207.0,2026-06-24 12:08:09.000,1.13.103,900.0,456.0,power-grid-model,conda-forge/power-grid-model,1317.0,237402.0,55.0,40.0,https://pypi.org/project/power-grid-model,2026-06-24 12:08:09.000,15.0,103207.0,https://anaconda.org/conda-forge/power-grid-model,2026-06-24 21:42:10.071,4953058.0,1.0,,,,,,,,,
31,PySCIPOpt,ops,"['gha', 'pypi', 'conda', 'python', 'lab']",,scipopt/PySCIPOpt,MIT,Python interface for SCIP.,https://github.com/scipopt/PySCIPOpt,https://www.scipopt.org/,2016-05-19 14:29:21,2026-06-25 16:47:34.000000,2026-06-25 16:47:34,2285.0,279.0,21.0,984.0,90.0,31,True,https://scipopt.github.io/PySCIPOpt/docs/html/,24.0,574.0,627.0,2026-05-16 15:04:26.000,6.2.1,77.0,29.0,PySCIPOpt,conda-forge/pyscipopt,,315601.0,573.0,461.0,https://pypi.org/project/PySCIPOpt,2026-05-16 15:04:26.000,112.0,303724.0,https://anaconda.org/conda-forge/pyscipopt,2026-05-16 16:07:18.685,760129.0,2.0,,,,,,,,,
32,SCS,ops,"['gha', 'pypi', 'conda', 'python', 'octave', 'julia', 'r', 'c', 'university']",,cvxgrp/scs,MIT,Splitting Conic Solver.,https://github.com/cvxgrp/scs,https://github.com/cvxgrp/scs,2013-11-29 23:11:16,2026-06-20 14:59:36.000000,2026-06-15 10:04:27,1413.0,141.0,43.0,626.0,32.0,31,True,https://www.cvxgrp.org/scs/,28.0,204.0,150.0,2026-01-09 17:52:41.000,3.2.11,48.0,112.0,scs,conda-forge/scs,,3211538.0,72.0,,https://pypi.org/project/scs,2026-01-09 17:52:41.000,72.0,3185145.0,https://anaconda.org/conda-forge/scs,2026-05-12 07:34:49.639,1768381.0,2.0,,,,,,,,,
33,OpenModelica,cosime,"['gha', 'modelica', 'python', 'university']",,OpenModelica/OpenModelica,Modelica License 2,Modelica-based environment for modeling and simulation.,https://github.com/OpenModelica/OpenModelica,https://openmodelica.org,2015-05-03 16:59:29,2026-06-25 17:10:57.000000,2026-06-25 17:08:43,38604.0,381.0,2213.0,1332.0,207.0,29,True,https://openmodelica.org/doc/OpenModelicaUsersGuide/latest/,52.0,6594.0,6689.0,2026-06-12 19:02:05.000,1.26.9,51.0,448.0,,,1361.0,560.0,,,,,,,,,,1.0,openmodelica/openmodelica,https://hub.docker.com/r/openmodelica/openmodelica,2026-06-18 10:59:22.504080,73158.0,,6.0,,,
34,CVXOPT,ops,"['gha', 'pypi', 'conda', 'python', 'octave', 'julia', 'university']",,cvxopt/cvxopt,GPL-3,Python Software for Convex Optimization.,https://github.com/cvxopt/cvxopt,https://cvxopt.org/,2013-02-22 22:14:31,2026-03-13 14:50:05.929000,2026-03-02 19:44:15,64.0,214.0,43.0,1037.0,10.0,28,True,http://cvxopt.org/userguide/,37.0,76.0,155.0,2026-02-10 00:08:27.000,1.3.3,18.0,,cvxopt,conda-forge/cvxopt,,1287615.0,15303.0,14822.0,https://pypi.org/project/cvxopt,2026-02-09 23:59:58.000,481.0,1257968.0,https://anaconda.org/conda-forge/cvxopt,2026-03-13 14:50:05.929,2016047.0,2.0,,,,,,,,,
35,precice,cosime,"['gha', 'c', 'pypi', 'conda', 'university']",,precice/precice,LGPL-3.0,Precise Code Interaction Coupling Environment.,https://github.com/precice/precice,https://precice.org/,2015-05-22 14:05:22,2026-06-25 06:43:38.360751,2026-06-22 14:27:30,5698.0,282.0,243.0,945.0,79.0,27,True,https://precice.org/docs.html,36.0,1596.0,760.0,2026-04-21 07:34:40.000,3.4.1,37.0,54.0,pyprecice,conda-forge/pyprecice,45588.0,7142.0,10.0,,https://pypi.org/project/pyprecice,2026-04-08 10:30:39.000,10.0,3228.0,https://anaconda.org/conda-forge/pyprecice,2026-04-08 15:17:41.110,173018.0,3.0,precice/precice,https://hub.docker.com/r/precice/precice,2026-06-25 06:43:38.360751,43610.0,,,,,
36,VeraGrid,steady-state,"['gha', 'pypi', 'python', 'for-profit']",,SanPen/VeraGrid,MPL-2.0,"Cross-platform power systems software, power flows, investments analysis, optimization and plenty of other stuff.",https://github.com/SanPen/VeraGrid,https://www.eroots.tech/software,2016-01-13 15:40:10,2026-06-19 17:08:03.000000,2026-06-19 17:07:55,16176.0,130.0,12.0,561.0,59.0,26,True,https://veragrid.readthedocs.io/en/latest/?badge=latest,35.0,159.0,287.0,2026-06-09 07:22:27.000,6.1.1,30.0,48.0,veragrid,,62.0,2177.0,,,https://pypi.org/project/veragrid,2025-08-27 07:46:25.000,,2177.0,,,,1.0,,,,,,,,,
37,GridStatus,data,"['gha', 'pypi', 'conda', 'python', 'for-profit']",,kmax12/gridstatus,BSD-3,Extract data from ISOs and other sources.,https://github.com/gridstatus/gridstatus,https://www.gridstatus.io,2022-07-28 19:24:20,2026-06-25 16:32:54.000000,2026-06-25 16:32:48,862.0,76.0,45.0,422.0,44.0,26,True,https://docs.gridstatus.io/en/latest/,9.0,766.0,91.0,2026-04-21 02:05:40.000,0.36.0,38.0,68.0,gridstatus,services/gridstatus,,96664.0,30.0,28.0,https://pypi.org/project/gridstatus,2026-04-21 02:05:40.000,2.0,96662.0,https://anaconda.org/services/gridstatus,2025-03-25 16:20:32.129,48.0,1.0,,,,,,,gridstatus/gridstatus,,
38,pandapipes,gasnet,"['gha', 'pypi', 'jupyter', 'python', 'university']",,e2nIEE/pandapipes,BSD-3,Pipeflow Calculation Tool.,https://github.com/e2nIEE/pandapipes,https://www.pandapipes.org/,2020-02-03 15:04:57,2026-05-26 21:41:52.000000,2026-05-26 21:41:52,2297.0,83.0,95.0,225.0,29.0,26,True,https://jkpandapipes.readthedocs.io/en/latest/,10.0,596.0,89.0,2026-05-26 21:10:12.000,0.14.0,25.0,19.0,pandapipes,,,32221.0,58.0,42.0,https://pypi.org/project/pandapipes,2026-05-26 21:10:12.000,16.0,32221.0,,,,1.0,,,,,,,,,
39,JuMP,opl,"['gha', 'jupyter', 'julia', 'non-profit']",,jump-dev/JuMP.jl,MPL-2.0,Julia-based Optimization Modeling Language.,https://github.com/jump-dev/JuMP.jl,https://jump.dev,2012-10-10 00:34:45,2026-06-25 08:42:27.000000,2026-06-24 22:49:07,5188.0,416.0,17.0,2448.0,173.0,25,True,https://jump.dev/JuMP.jl/stable/,80.0,2578.0,1522.0,2026-04-26 22:53:25.000,1.30.1,92.0,33.0,,,,,,,,,,,,,,2.0,,,,,,,,,
40,Ipopt,ops,"['pypi', 'conda', 'python', 'non-profit']",,coin-or/Ipopt,EPL-2.0,COIN-OR Interior Point Optimizer.,https://github.com/coin-or/Ipopt,https://www.coin-or.org/,2019-01-28 12:24:22,2026-05-25 15:59:08.000000,2026-05-25 14:32:49,2433.0,316.0,14.0,1762.0,38.0,25,True,https://coin-or.github.io/Ipopt/,45.0,46.0,615.0,2025-07-30 10:34:09.000,releases/3.14.19,33.0,2.0,ipopt,conda-forge/ipopt,34100.0,39632.0,10.0,,https://pypi.org/project/ipopt,2021-04-07 07:03:48.000,10.0,2187.0,https://anaconda.org/conda-forge/ipopt,2026-02-17 01:36:21.548,2515039.0,3.0,,,,,,,,,
41,CBC,ops,"['gha', 'conda', 'python', 'julia', 'c', 'non-profit']",,coin-or/Cbc,EPL-2.0,COIN-OR Branch-and-Cut solver.,https://github.com/coin-or/Cbc,https://www.coin-or.org/,2019-03-02 23:20:41,2026-06-25 14:09:30.000000,2026-06-25 14:09:18,2751.0,137.0,162.0,999.0,35.0,25,True,https://coin-or.github.io/Cbc/Doxygen/,40.0,97.0,395.0,2026-03-11 23:59:18.000,releases/2.10.13,15.0,162.0,,conda-forge/coincbc,352102.0,28404.0,,,,,,,https://anaconda.org/conda-forge/coincbc,2026-05-12 11:46:24.208,1649876.0,3.0,,,,,,,,,
42,Clp,ops,"['gha', 'conda', 'python', 'julia', 'c', 'non-profit']",,coin-or/Cbc,EPL-2.0,COIN-OR Linear Programming Solver.,https://github.com/coin-or/Cbc,https://www.coin-or.org/,2019-03-02 23:20:41,2026-06-25 14:09:30.000000,2026-06-25 14:09:18,2751.0,137.0,162.0,999.0,35.0,25,True,https://coin-or.github.io/Clp/,40.0,97.0,395.0,2026-03-11 23:59:18.000,releases/2.10.13,12.0,162.0,,conda-forge/coin-or-clp,352102.0,27400.0,,,,,,,https://anaconda.org/conda-forge/coin-or-clp,2026-05-11 18:43:15.435,1604825.0,3.0,,,,,,,,,
43,Grid2Op,mrl,"['gha', 'pypi', 'jupyter', 'python', 'for-profit']",,rte-france/Grid2Op,MPL-2.0,Modeling sequential decision making in power systems.,https://github.com/Grid2op/grid2op,https://l2rpn.chalearn.org/,2019-10-10 17:04:46,2026-06-19 07:01:14.000000,2026-06-18 13:59:57,3596.0,146.0,52.0,443.0,32.0,25,True,https://grid2op.readthedocs.io/en/latest/,19.0,353.0,345.0,2026-06-18 15:07:05.000,1.12.5,98.0,69.0,Grid2Op,,,8087.0,9.0,,https://pypi.org/project/Grid2Op,2026-06-18 15:07:05.000,9.0,7952.0,,,,1.0,bdonnot/grid2op,https://hub.docker.com/r/bdonnot/grid2op,2022-07-05 14:02:10.644952,10847.0,,1.0,Grid2op/grid2op,,
44,PowSyBl Core,steady-state,"['gha', 'java', 'non-profit']",,powsybl/powsybl-core,MPL-2.0,Framework to build power system software.,https://github.com/powsybl/powsybl-core,https://www.powsybl.org,2017-09-29 14:51:18,2026-06-25 14:42:08.000000,2026-06-24 07:58:23,3832.0,61.0,274.0,171.0,131.0,25,True,https://www.javadoc.io/doc/com.powsybl/powsybl-core/latest/,22.0,3267.0,527.0,2026-06-24 12:26:18.000,7.2.2,100.0,89.0,,,,,97.0,97.0,,,,,,,,1.0,,,,,,,,,
45,PyPowSyBl,steady-state,"['gha', 'pypi', 'python', 'java', 'jupyter', 'non-profit']",,powsybl/pypowsybl,MPL-2.0,A PowSyBl and Python integration.,https://github.com/powsybl/pypowsybl,https://www.powsybl.org,2020-11-09 10:30:33,2026-06-25 08:13:46.000000,2026-06-18 07:59:28,895.0,25.0,95.0,97.0,44.0,25,True,https://powsybl.readthedocs.io/projects/pypowsybl/en/latest/,20.0,945.0,214.0,2026-04-16 15:28:56.000,1.15.0,51.0,45.0,pypowsybl,,502.0,13585.0,11.0,,https://pypi.org/project/pypowsybl,2026-04-16 15:28:56.000,11.0,13578.0,,,,1.0,,,,,,,,,
46,ECOS,ops,"['pypi', 'conda', 'python', 'julia', 'c', 'octave', 'r', 'university']",,embotech/ecos,GPL-3,Conic solver for second-order cone programming.,https://github.com/embotech/ecos,https://github.com/embotech/ecos,2013-02-11 21:27:50,2025-11-06 08:27:49.404000,2022-01-04 22:33:07,622.0,126.0,67.0,548.0,40.0,24,False,https://github.com/embotech/ecos/wiki,32.0,65.0,95.0,2024-06-18 03:47:45.000,2.0.14,24.0,,ecos,conda-forge/ecos,,971062.0,49.0,,https://pypi.org/project/ecos,2024-06-18 03:47:45.000,49.0,952571.0,https://anaconda.org/conda-forge/ecos,2025-11-06 08:27:49.404,1238936.0,3.0,,,,,,,,,
47,powerplantmatching,data,"['gha', 'pypi', 'conda', 'python', 'university']",,PyPSA/powerplantmatching,BSD-2,Tools to combine multiple power plant databases.,https://github.com/PyPSA/powerplantmatching,https://pypsa.org,2016-08-15 16:36:25,2026-06-23 06:31:01.000000,2026-06-23 06:31:00,1030.0,73.0,27.0,225.0,37.0,24,True,https://atlite.readthedocs.io/en/master/?badge=master,21.0,184.0,92.0,2026-02-11 15:18:15.000,0.8.1,35.0,5.0,powerplantmatching,conda-forge/powerplantmatching,87.0,5502.0,88.0,88.0,https://pypi.org/project/powerplantmatching,2026-02-11 15:18:15.000,,3331.0,https://anaconda.org/conda-forge/powerplantmatching,2026-02-11 22:17:11.404,143331.0,2.0,,,,,,,,,
48,Clarabel.rs,ops,"['gha', 'pypi', 'conda', 'python', 'rust', 'university']",,oxfordcontrol/Clarabel.rs,Apache-2,Interior-point solver for convex conic optimisation in Rust.,https://github.com/oxfordcontrol/Clarabel.rs,https://github.com/oxfordcontrol/Clarabel.rs,2022-04-17 13:48:34,2026-04-13 08:08:29.000000,2026-04-13 08:08:26,630.0,45.0,23.0,574.0,11.0,23,True,https://oxfordcontrol.github.io/ClarabelDocs/stable/,14.0,153.0,51.0,2025-06-11 16:48:58.000,0.11.1,18.0,1.0,clarabel,conda-forge/clarabel,,3208987.0,120.0,77.0,https://pypi.org/project/clarabel,2025-06-11 16:48:58.000,43.0,3196374.0,https://anaconda.org/conda-forge/clarabel,2025-12-17 09:55:56.799,403629.0,3.0,,,,,,,,,
49,MATPOWER,steady-state,"['gha', 'octave', 'university']",,MATPOWER/matpower,BSD-3,Steady state power flow simulation.,https://github.com/MATPOWER/matpower,https://matpower.org/,2016-12-16 19:12:30,2026-06-22 20:14:25.767696,2026-06-22 19:17:03,2674.0,179.0,23.0,567.0,23.0,23,True,https://matpower.org/doc/,32.0,57.0,212.0,2025-07-13 02:31:28.000,8.1,6.0,3.0,,,743272.0,8206.0,,,,,,,,,,2.0,matpower/matpower,https://hub.docker.com/r/matpower/matpower,2026-06-22 20:14:25.767696,4481.0,1.0,,,,
50,Atlite,data,"['gha', 'pypi', 'conda', 'jupyter', 'python', 'university']",,PyPSA/atlite,BSD-2,Calculating Renewable Power Potentials.,https://github.com/PyPSA/atlite,https://pypsa.org,2016-11-03 23:59:25,2026-06-09 08:19:00.000000,2026-06-09 08:18:58,826.0,129.0,55.0,388.0,45.0,23,True,https://atlite.readthedocs.io/en/master/?badge=master,12.0,344.0,112.0,2026-04-21 10:05:17.000,0.6.1,24.0,7.0,atlite,conda-forge/atlite,,7042.0,122.0,120.0,https://pypi.org/project/atlite,2026-04-21 10:05:17.000,2.0,4926.0,https://anaconda.org/conda-forge/atlite,2026-04-21 12:50:29.673,152379.0,2.0,,,,,,,,,
51,LTB ANDES,phasor,"['gha', 'pypi', 'conda', 'jupyter', 'python', 'julia', 'university']",,CURENT/andes,GPL-3,Transient Stability Simulator; CURENT LTB.,https://github.com/CURENT/andes,https://ltb.curent.org/,2016-11-07 01:04:50,2026-03-27 14:46:06.239000,2026-03-11 21:12:53,4810.0,157.0,13.0,369.0,27.0,23,True,https://docs.andes.app/en/latest/,15.0,297.0,72.0,2026-03-12 17:07:29.000,2.0.0,117.0,,andes,conda-forge/andes,,14450.0,35.0,31.0,https://pypi.org/project/andes,2026-03-12 17:07:29.000,4.0,3801.0,https://anaconda.org/conda-forge/andes,2026-03-27 14:46:06.239,777438.0,1.0,CURENT/andes,https://hub.docker.com/r/CURENT/andes,,,,,,,
52,PowerSimulations.jl,steady-state,"['gha', 'julia', 'lab']",,NREL-Sienna/PowerSimulations.jl,BSD-3,Power Systems optimization simulation and modeling; NREL Sienna.,https://github.com/Sienna-Platform/PowerSimulations.jl,https://www.nlr.gov/analysis/sienna,2017-11-03 21:11:22,2026-06-24 01:03:16.000000,2026-06-23 21:15:47,11160.0,84.0,97.0,316.0,57.0,23,True,https://nrel-sienna.github.io/PowerSimulations.jl/latest,18.0,1093.0,448.0,2026-06-23 21:42:25.000,0.37.0,100.0,282.0,,,,,,,,,,,,,,2.0,,,,,,,Sienna-Platform/PowerSimulations.jl,,
53,HELICS,msg,"['gha', 'pypi', 'conda', 'python', 'julia', 'octave', 'java', 'c', 'lab']",,GMLC-TDC/HELICS,BSD-3,Co-simulation framework.,https://github.com/GMLC-TDC/HELICS,https://helics.org/tools/,2017-06-01 17:03:19,2026-06-22 00:48:08.000000,2025-08-16 01:38:32,3574.0,52.0,97.0,168.0,39.0,23,True,https://docs.helics.org/en/latest/,14.0,2067.0,585.0,2025-02-28 08:41:58.000,3.6.1,106.0,,helics,conda-forge/helics,32378.0,3215.0,13.0,,https://pypi.org/project/helics,2025-02-28 08:41:58.000,13.0,2662.0,https://anaconda.org/conda-forge/helics,2025-04-22 14:56:53.590,21909.0,1.0,,,,,,,,,
54,LightSim2Grid,steady-state,"['gha', 'pypi', 'python', 'for-profit']",,BDonnot/lightsim2grid,MPL-2.0,A fast backend for the Grid2Op.,https://github.com/Grid2op/lightsim2grid,https://l2rpn.chalearn.org/,2020-03-09 07:35:27,2026-06-25 13:02:35.000000,2026-04-21 11:47:15,1163.0,14.0,16.0,68.0,9.0,23,True,https://lightsim2grid.readthedocs.io/en/latest/,1.0,76.0,47.0,2026-04-22 06:49:47.000,0.13.1,43.0,56.0,LightSim2Grid,,301.0,23815.0,89.0,85.0,https://pypi.org/project/LightSim2Grid,2026-04-22 06:49:47.000,4.0,23803.0,,,,2.0,bdonnot/lightsim2grid,https://hub.docker.com/r/bdonnot/lightsim2grid,2022-02-01 17:50:28.347059,653.0,,,Grid2op/lightsim2grid,,
55,PyOptInterface,opl,"['gha', 'pypi', 'jupyter', 'python', 'volunteer']",,metab0t/PyOptInterface,MPL-2.0,Efficient modeling interface for optimization in Python.,https://github.com/metab0t/PyOptInterface,https://github.com/metab0t/PyOptInterface,2023-06-13 16:11:33,2026-06-24 02:31:20.000000,2026-06-24 02:28:27,561.0,26.0,5.0,310.0,7.0,22,True,https://metab0t.github.io/PyOptInterface/,7.0,37.0,37.0,2026-03-27 07:58:44.000,0.6.1,18.0,5.0,pyoptinterface,,,11277.0,28.0,22.0,https://pypi.org/project/pyoptinterface,2026-03-27 07:58:44.000,6.0,11277.0,,,,3.0,,,,,-1.0,,,,
56,PIQP,ops,"['gha', 'pypi', 'conda', 'python', 'c', 'octave', 'r', 'university']",,PREDICT-EPFL/piqp,BSD-2,Proximal Interior Point Quadratic Programming solver.,https://github.com/PREDICT-EPFL/piqp,https://github.com/PREDICT-EPFL/piqp,2023-01-25 13:55:12,2026-05-16 11:37:20.000000,2026-05-16 11:37:15,578.0,21.0,5.0,143.0,6.0,22,True,https://predict-epfl.github.io/piqp/,9.0,19.0,16.0,2026-05-11 16:39:47.000,0.6.3,19.0,11.0,piqp,conda-forge/piqp,1323.0,48601.0,65.0,52.0,https://pypi.org/project/piqp,2026-05-11 16:39:47.000,13.0,38819.0,https://anaconda.org/conda-forge/piqp,2026-05-14 19:21:54.997,331369.0,3.0,,,,,,,,,
57,SimBench,data,"['python', 'pypi', 'conda', 'jupyter', 'gha']",,e2nIEE/simbench,odbl-1.0,Benchmark dataset of German LV/MV/HV grids including 15min time series for 1 year.,https://github.com/e2nIEE/simbench,https://simbench.de/en/,2019-05-13 14:10:08,2026-04-02 16:45:19.000000,2026-04-02 16:40:03,191.0,37.0,5.0,137.0,6.0,22,True,https://simbench.readthedocs.io/en/stable/,6.0,30.0,33.0,2026-04-24 07:05:13.000,1.6.2,12.0,22.0,simbench,conda-forge/simbench,,12431.0,66.0,51.0,https://pypi.org/project/simbench,2026-04-02 15:04:35.000,15.0,12431.0,https://anaconda.org/conda-forge/simbench,,,2.0,,,,,,,,,
58,GridPath,steady-state,"['gha', 'pypi', 'python', 'for-profit']",,blue-marble/gridpath,Apache-2,Power system planning and operations.,https://github.com/blue-marble/gridpath,https://www.gridpath.io/,2016-08-12 18:13:28,2026-06-25 19:45:46.000000,2026-06-24 23:05:18,1696.0,66.0,55.0,133.0,16.0,22,True,https://gridpath.readthedocs.io/en/latest/,12.0,1026.0,295.0,2026-06-25 19:45:46.000,2026.5.0,46.0,46.0,GridPath,,1406.0,572.0,5.0,5.0,https://pypi.org/project/GridPath,2026-06-25 19:45:46.000,,553.0,,,,2.0,,,,,1.0,,,,
59,PYPOWER,steady-state,"['gha', 'pypi', 'conda', 'python', 'non-profit']",,rwl/PYPOWER,BSD,Port of MATPOWER to Python.,https://github.com/rwl/PYPOWER,rwl.github.io/PYPOWER/api/,2009-05-22 12:14:47,2025-11-24 17:12:08.000000,2025-11-24 17:12:07,364.0,125.0,42.0,408.0,22.0,21,True,http://rwl.github.io/PYPOWER/index.html,22.0,51.0,15.0,2025-07-10 17:17:48.000,5.1.19,20.0,,PYPOWER,invenia/pypower,,39515.0,186.0,166.0,https://pypi.org/project/PYPOWER,2025-07-10 17:17:48.000,20.0,39485.0,https://anaconda.org/invenia/pypower,2025-03-25 16:27:17.396,3217.0,2.0,hwanghust/pypower,https://hub.docker.com/r/hwanghust/pypower,2019-05-19 07:28:05.197725,41.0,,,,,
60,GridLAB-D,phasor,"['c', 'gha', 'lab']",,gridlab-d/gridlab-d,BSD-3,Distribution power system simulator.,https://github.com/gridlab-d/gridlab-d,https://www.gridlabd.org/,2016-08-29 17:43:21,2026-06-24 15:23:55.000000,2025-05-28 20:17:33,4426.0,124.0,415.0,210.0,77.0,21,True,https://gridlab-d.readthedocs.io/en/docs/,24.0,220.0,1149.0,2025-01-07 00:39:44.000,5.3.0,7.0,,,,9034.0,91.0,,,,,,,,,,1.0,,,,,,,,,
61,Gurobi OptiMods,steady-state,"['gha', 'pypi', 'python', 'for-profit']",,Gurobi/gurobi-optimods,Apache-2,Implemented optimization use cases using Gurobi.,https://github.com/Gurobi/gurobi-optimods,https://www.gurobi.com/features/gurobi-optimods/,2022-11-18 16:25:03,2026-04-09 13:17:24.000000,2026-04-09 12:56:23,726.0,37.0,25.0,176.0,17.0,21,True,https://gurobi-optimods.readthedocs.io/en/stable/,10.0,97.0,62.0,2026-04-09 12:53:51.000,3.1.0,15.0,12.0,gurobi-optimods,,,787.0,12.0,10.0,https://pypi.org/project/gurobi-optimods,2026-04-09 12:59:15.000,2.0,787.0,,,,2.0,,,,,,,,,
62,DPsim,emt,"['gha', 'pypi', 'jupyter', 'python', 'c', 'university']",,sogno-platform/dpsim,MPL-2.0,Simulation for both EMT and phasor.,https://github.com/sogno-platform/dpsim,https://dpsim.fein-aachen.org/,2020-01-29 08:49:59,2026-06-24 13:37:40.000000,2026-06-24 13:30:38,5041.0,77.0,78.0,128.0,42.0,21,True,https://dpsim.fein-aachen.org/docs/,13.0,330.0,113.0,2025-12-10 15:23:09.000,1.2.1,10.0,182.0,dpsim,,,172.0,3.0,3.0,https://pypi.org/project/dpsim,2025-12-10 14:47:35.000,,172.0,,,,1.0,,,,,,,,,
63,Dynaωo,phasor,"['gha', 'modelica', 'for-profit']",,dynawo/dynawo,MPL-2.0,C++/Modelica simulation tools for power systems.,https://github.com/dynawo/dynawo,http://dynawo.org,2019-01-29 13:29:35,2026-06-25 16:28:43.000000,2026-06-25 14:17:17,2720.0,32.0,235.0,105.0,62.0,21,True,https://dynawo.github.io/docs/,8.0,2397.0,1555.0,2025-07-18 14:42:06.000,1.7.0,20.0,41.0,,,21570.0,242.0,,,,,,,,,,1.0,,,,,,,,,
64,AMPLPY,ops,"['gha', 'pypi', 'conda', 'jupyter', 'python', 'for-profit']",,ampl/amplpy,BSD-3,Python API for AMPL.,https://github.com/ampl/amplpy,https://ampl.com/,2017-06-27 00:22:07,2026-06-25 10:17:29.000000,2026-06-24 13:11:06,892.0,20.0,,85.0,9.0,21,True,https://amplpy.readthedocs.io/en/latest/,10.0,7.0,51.0,2026-06-24 13:14:48.000,0.17.0,188.0,4.0,amplpy,conda-forge/amplpy,,43573.0,152.0,138.0,https://pypi.org/project/amplpy,2026-06-25 10:17:29.000,14.0,35640.0,https://anaconda.org/conda-forge/amplpy,2025-09-05 16:24:52.977,555347.0,3.0,,,,,1.0,,,,
65,PyPSA-Eur,steady-state,"['gha', 'python', 'university']",,PyPSA/pypsa-eur,MIT,Sector-Coupled Optimisation Model of the European Energy System.,https://github.com/PyPSA/pypsa-eur,https://pypsa.org,2017-10-11 23:54:41,2026-06-25 08:32:25.000000,2026-06-23 15:01:37,5846.0,407.0,241.0,580.0,110.0,20,True,https://pypsa-eur.readthedocs.io/en/latest/,18.0,1544.0,461.0,2026-02-19 07:45:23.000,2026.02.0,21.0,41.0,,,,,,,,,,,,,,2.0,nimfetrisa/pypsa-eur,https://hub.docker.com/r/nimfetrisa/pypsa-eur,,,,,,,
66,OpenDSSDirect.py,intf,"['gha', 'pypi', 'python', 'jupyter', 'volunteer']",,dss-extensions/OpenDSSDirect.py,MIT,A direct library interface to OpenDSS.,https://github.com/dss-extensions/OpenDSSDirect.py,https://dss-extensions.org/,2017-06-20 19:18:22,2026-02-26 06:34:19.000000,2024-03-29 05:10:43,451.0,24.0,18.0,110.0,3.0,20,False,https://dss-extensions.org/OpenDSSDirect.py/,12.0,32.0,99.0,2024-03-29 06:18:05.000,0.9.4,43.0,,OpenDSSDirect.py,,,12335.0,97.0,81.0,https://pypi.org/project/OpenDSSDirect.py,2021-03-11 01:53:34.000,16.0,12335.0,,,,1.0,,,,,,,,,
67,Prescient,steady-state,"['gha', 'pypi', 'python']",,grid-parity-exchange/Prescient,BSD-3,Production cost modeling for power generation and distribution networks.,https://github.com/grid-parity-exchange/Prescient,https://github.com/grid-parity-exchange/Prescient,2020-06-02 22:42:14,2026-05-29 23:32:07.000000,2026-05-29 23:32:06,267.0,17.0,20.0,39.0,11.0,20,True,https://prescient.readthedocs.io/,6.0,127.0,47.0,2026-05-29 23:30:57.000,2.2.3,6.0,4.0,gridx-prescient,,,17799.0,16.0,11.0,https://pypi.org/project/gridx-prescient,2026-05-29 23:30:57.000,5.0,17799.0,,,,2.0,,,,,,,,,
68,PowerModels.jl,steady-state,"['gha', 'julia', 'lab']",,lanl-ansi/PowerModels.jl,BSD,Power Network Optimization.,https://github.com/lanl-ansi/PowerModels.jl,https://github.com/lanl-ansi/PowerModels.jl,2016-08-01 20:30:54,2026-05-06 01:21:38.000000,2026-05-06 00:54:57,1023.0,164.0,93.0,468.0,32.0,19,True,https://lanl-ansi.github.io/PowerModels.jl/stable/,21.0,498.0,423.0,2026-05-06 01:17:56.000,0.21.6,81.0,9.0,,,,,,,,,,,,,,2.0,,,,,,,,,
69,PyPSA-Earth,steady-state,"['gha', 'python', 'volunteer']",,pypsa-meets-earth/pypsa-earth,AGPL-3,Open optimisation model for study energy system futures.,https://github.com/pypsa-meets-earth/pypsa-earth,https://pypsa-meets-earth.github.io/,2021-02-28 19:26:35,2026-06-24 18:53:40.000000,2026-06-24 13:26:02,6450.0,332.0,297.0,348.0,94.0,19,True,https://pypsa-earth.readthedocs.io/,13.0,1130.0,412.0,2025-12-24 14:16:28.000,0.8.0,14.0,42.0,,,,,,,,,,,,,,2.0,,,,,-1.0,,,,
70,REopt,steady-state,"['gha', 'python', 'julia', 'lab']",,NatLabRockies/REopt_API,BSD-3,Renewable Energy Integration & Optimization.,https://github.com/NatLabRockies/REopt_API,https://www.nlr.gov/reopt/,2018-12-17 21:24:59,2026-06-24 15:40:52.000000,2026-05-29 14:20:44,5907.0,66.0,44.0,123.0,26.0,19,True,https://github.com/NatLabRockies/REopt_API/wiki,7.0,635.0,42.0,2026-05-29 17:31:46.000,3.19.1,74.0,62.0,,,575.0,7.0,,,,,,,,,,2.0,,,,,,,,,
71,PowSyBl Diagram,vis,"['gha', 'java', 'jupyter', 'for-profit']",,powsybl/powsybl-diagram,MPL-2.0,single-line substation diagrams and network graph diagrams.,https://github.com/powsybl/powsybl-diagram,https://www.powsybl.org,2019-10-11 11:25:46,2026-06-24 14:02:34.000000,2026-06-18 08:38:18,629.0,25.0,79.0,119.0,36.0,19,True,https://www.powsybl.org/pages/documentation/developer/api_guide/svg-writing.html,19.0,619.0,135.0,2026-06-02 15:08:12.000,5.4.0,58.0,18.0,,,,,35.0,35.0,,,,,,,,1.0,,,,,,,,,
72,openTEPES,steady-state,"['pypi', 'python', 'jupyter', 'gha', 'university']",,IIT-EnergySystemModels/openTEPES,AGPL-3,"Open Generation, Storage, and Transmission Operation and Expansion Planning Model.",https://github.com/IIT-EnergySystemModels/openTEPES,https://github.com/IIT-EnergySystemModels/openTEPES,2020-07-24 21:11:41,2026-06-25 12:18:25.000000,2026-06-25 12:18:21,3543.0,28.0,4.0,54.0,10.0,19,True,https://opentepes.readthedocs.io/en/latest/index.html,4.0,122.0,13.0,2026-02-24 11:07:01.000,4.18.15,117.0,208.0,openTEPES,,123.0,437.0,,,https://pypi.org/project/openTEPES,2026-04-10 08:58:59.000,,436.0,,,,2.0,,,,,,,,,
73,py-dss-interface,intf,"['pypi', 'python', 'jupyter', 'non-profit']",,PauloRadatz/py_dss_interface,MIT,A package for access to direct dll version of OpenDSS.,https://github.com/PauloRadatz/py_dss_interface,https://github.com/PauloRadatz/py_dss_interface,2020-06-12 18:58:36,2026-05-31 15:51:43.000000,2026-04-15 10:34:10,716.0,13.0,1.0,44.0,7.0,19,True,https://py-dss-interface.readthedocs.io/en/latest/,6.0,51.0,56.0,2026-02-16 15:33:33.000,2.3.0,25.0,1.0,py-dss-interface,,43.0,6173.0,54.0,41.0,https://pypi.org/project/py-dss-interface,2026-02-16 15:20:40.000,13.0,6173.0,,,,1.0,,,,,,,,,
74,PowerNetworkMatrices.jl,steady-state,"['gha', 'julia', 'lab']",,NREL-Sienna/PowerNetworkMatrices.jl,BSD-3,Power systems matrices; NREL Sienna.,https://github.com/Sienna-Platform/PowerNetworkMatrices.jl,https://www.nlr.gov/analysis/sienna,2022-11-16 21:59:51,2026-06-22 20:21:47.000000,2026-06-22 20:13:01,1506.0,21.0,31.0,30.0,16.0,19,True,https://nrel-sienna.github.io/PowerNetworkMatrices.jl/stable/,4.0,205.0,96.0,2026-06-16 00:59:28.000,0.24.2,49.0,272.0,,,,,,,,,,,,,,2.0,,,,,,,Sienna-Platform/PowerNetworkMatrices.jl,,
75,LTB AMS,steady-state,"['gha', 'pypi', 'conda', 'jupyter', 'python', 'university']",,CURENT/ams,GPL-3,Scheduling Modeling and Simulation; CURENT LTB.,https://github.com/CURENT/ams,https://ltb.curent.org/,2022-10-05 11:57:30,2026-06-07 01:20:31.000000,2026-05-03 19:15:23,2999.0,8.0,9.0,24.0,6.0,19,True,https://ams.readthedocs.io/en/latest/,2.0,247.0,15.0,2026-05-03 19:24:58.000,1.3.0,45.0,194.0,ltbams,conda-forge/ltbams,136.0,1546.0,3.0,3.0,https://pypi.org/project/ltbams,2026-05-03 19:24:31.000,,318.0,https://anaconda.org/conda-forge/ltbams,2026-05-03 21:10:40.563,34245.0,2.0,,,,,,,,,
76,GasModels.jl,gasnet,"['gha', 'julia', 'lab']",,lanl-ansi/GasModels.jl,BSD-3,Gas Network Optimization.,https://github.com/lanl-ansi/GasModels.jl,https://github.com/lanl-ansi/GasModels.jl,2016-08-29 16:01:10,2026-06-25 19:59:56.000000,2026-06-25 19:44:14,1366.0,24.0,48.0,79.0,19.0,18,True,https://lanl-ansi.github.io/GasModels.jl/latest/,6.0,162.0,143.0,2026-05-13 15:40:48.000,0.13.1,33.0,98.0,,,,,,,,,,,,,,3.0,,,,,,,,,
77,TESP,steady-state,"['gha', 'python', 'jupyter', 'pypi', 'lab']",,pnnl/tesp,BSD-3,Transactive Energy Simulation Platform.,https://github.com/pnnl/tesp,https://github.com/pnnl/tesp,2017-03-28 16:41:17,2026-06-10 16:54:50.000000,2026-02-05 19:46:48,2389.0,42.0,36.0,49.0,31.0,18,True,https://tesp.readthedocs.io/en/latest/,16.0,65.0,96.0,2026-02-05 19:34:05.000,1.3.7,55.0,,tesp_support,,532.0,134.0,2.0,2.0,https://pypi.org/project/tesp_support,2026-02-05 19:34:05.000,,129.0,,,,3.0,,,,,-1.0,,,,
78,PyDSS,intf,"['gha', 'pypi', 'python', 'lab']",,NatLabRockies/PyDSS,BSD-3,A Python wrapper for OpenDSS.,https://github.com/NatLabRockies/PyDSS,https://www.nlr.gov/grid/pydss,2018-10-16 15:59:07,2026-06-16 22:31:20.000000,2026-06-16 21:31:04,985.0,29.0,15.0,41.0,24.0,18,True,https://natlabrockies.github.io/PyDSS/index.html,5.0,131.0,16.0,2026-06-16 21:31:53.000,3.1.10,22.0,26.0,pydss,,,47.0,3.0,3.0,https://pypi.org/project/pydss,2011-08-17 20:40:53.000,,47.0,,,,1.0,,,,,,,,,
79,PowerFlows.jl,steady-state,"['gha', 'julia', 'lab']",,NREL-Sienna/PowerFlows.jl,BSD-3,Collection of Power Flow solution; NREL Sienna.,https://github.com/Sienna-Platform/PowerFlows.jl,https://www.nlr.gov/analysis/sienna,2022-03-08 18:40:14,2026-06-25 04:55:54.000000,2026-06-24 23:49:56,552.0,24.0,56.0,29.0,18.0,18,True,https://nrel-sienna.github.io/PowerFlows.jl/dev/,4.0,236.0,135.0,2026-06-25 04:45:14.000,0.22.1,38.0,229.0,,,,,,,,,,,,,,3.0,,,,,1.0,,Sienna-Platform/PowerFlows.jl,,
80,matpowercaseframes,intf,"['gha', 'python', 'pypi', 'jupyter', 'university']",,UGM-EPSLab/matpowercaseframes,MIT,Parse MATPOWER case into pandas DataFrame.,https://github.com/UGM-EPSLab/matpowercaseframes,https://github.com/UGM-EPSLab/matpowercaseframes,2022-03-31 04:51:41,2026-06-03 01:53:43.000000,2026-06-03 01:53:43,273.0,3.0,5.0,6.0,9.0,18,True,,1.0,31.0,9.0,2026-04-01 23:03:42.000,2.1.0,26.0,6.0,matpowercaseframes,,,18456.0,48.0,41.0,https://pypi.org/project/matpowercaseframes,2026-04-01 23:03:42.000,7.0,18456.0,,,,1.0,,,,,,,,,
81,GenX,steady-state,"['julia', 'gha', 'university']",,GenXProject/GenX,GPL-2.0,Configurable capacity expansion model.,https://github.com/GenXProject/GenX.jl,https://energy.mit.edu/genx/,2021-05-19 17:57:57,2026-06-24 15:59:54.000000,2026-01-09 19:17:31,1135.0,144.0,69.0,357.0,37.0,17,True,https://genxproject.github.io/GenX/dev/,18.0,575.0,262.0,2025-07-11 18:02:01.000,0.4.5,17.0,,,,,,,,,,,,,,,3.0,,,,,,,GenXProject/GenX.jl,,
82,MadNLP,ops,"['gha', 'julia', 'university']",,MadNLP/MadNLP.jl,MIT,A solver for nonlinear programming with GPU support.,https://github.com/MadNLP/MadNLP.jl,https://github.com/MadNLP/MadNLP.jl,2020-09-16 23:07:35,2026-06-24 14:02:40.000000,2026-06-08 09:22:37,667.0,28.0,35.0,247.0,19.0,17,True,https://madnlp.github.io/MadNLP.jl/stable/,13.0,479.0,108.0,2026-05-31 11:24:56.000,0.10.1,35.0,20.0,,,,,,,,,,,,,,3.0,,,,,,,,,
83,PowerGenome,data,"['gha', 'pypi', 'conda', 'python']",,PowerGenome/PowerGenome,MIT,Create inputs for power systems models.,https://github.com/PowerGenome/PowerGenome,https://groups.io/g/powergenome,2019-07-18 17:33:40,2026-05-25 16:54:01.000000,2026-02-13 15:59:24,1825.0,72.0,98.0,235.0,18.0,17,True,https://github.com/PowerGenome/PowerGenome/wiki,19.0,262.0,101.0,2025-03-21 18:15:20.000,0.7.0,20.0,,PowerGenome,conda-forge/powergenome,,126.0,,,https://pypi.org/project/PowerGenome,2025-03-21 18:15:20.000,,68.0,https://anaconda.org/conda-forge/powergenome,2025-04-22 14:58:55.013,1694.0,3.0,,,,,,,,,
84,PowerSimulationsDynamics.jl,phasor,"['gha', 'julia', 'lab']",,NREL-Sienna/PowerSimulationsDynamics.jl,BSD-3,Dynamic Power System simulations; NREL Sienna.,https://github.com/Sienna-Platform/PowerSimulationsDynamics.jl,https://www.nlr.gov/analysis/sienna,2020-07-16 19:36:16,2026-06-20 23:53:02.000000,2026-06-20 18:40:36,2421.0,57.0,53.0,217.0,18.0,17,True,https://nrel-sienna.github.io/PowerSimulationsDynamics.jl/stable,9.0,256.0,94.0,2026-06-20 20:39:47.000,0.16.1,46.0,6.0,,,,,,,,,,,,,,2.0,,,,,,,Sienna-Platform/PowerSimulationsDynamics.jl,,
85,PowerMCP,llm,"['python', 'university']",,Power-Agent/PowerMCP,MIT,Collection of MCP servers for power system software.,https://github.com/Power-Agent/PowerMCP,http://poweragent.seas.harvard.edu/,2025-04-15 22:46:40,2026-06-24 22:29:52.000000,2026-06-24 22:28:59,161.0,52.0,4.0,169.0,16.0,17,True,,5.0,42.0,3.0,2026-06-24 22:29:52.000,0.2.0,6.0,55.0,,,,,,,,,,,,,,1.0,,,,,,,,,
86,EGRET,steady-state,"['gha', 'python', 'lab']",,grid-parity-exchange/Egret,BSD,Tools for Power Systems Optimization Modeling.,https://github.com/grid-parity-exchange/Egret,https://github.com/grid-parity-exchange/Egret,2019-01-28 18:41:03,2026-05-29 22:04:04.000000,2026-05-29 22:04:04,1111.0,67.0,52.0,161.0,42.0,17,True,,13.0,249.0,38.0,2026-05-29 22:03:12.000,0.6.2,9.0,8.0,,,,,,,,,,,,,,3.0,,,,,,,,,
87,PyPSA-USA,steady-state,"['gha', 'python', 'jupyter', 'university']",,PyPSA/pypsa-usa,MIT,Power System Model for the United States.,https://github.com/PyPSA/pypsa-usa,https://pypsa.org,2022-06-07 15:13:26,2026-06-22 18:49:58.000000,2026-05-11 18:28:56,2364.0,47.0,106.0,134.0,16.0,17,True,https://pypsa-usa.readthedocs.io/en/latest/,7.0,370.0,291.0,2026-02-10 19:20:20.000,0.8.0,9.0,3.0,,,,,,,,,,,,,,3.0,,,,,,,,,
88,dsgrid,dataman,"['gha', 'python', 'pypi', 'lab']",,dsgrid/dsgrid,BSD-3,"Demand-side grid projects, datasets and queries.",https://github.com/dsgrid/dsgrid,https://github.com/dsgrid/dsgrid,2020-12-09 23:51:36,2026-06-24 23:11:35.000000,2026-03-31 16:08:01,2038.0,29.0,65.0,102.0,7.0,17,True,https://dsgrid.github.io/dsgrid,4.0,270.0,86.0,2026-03-31 17:21:34.000,0.4.0,7.0,3.0,dsgrid,,,51.0,1.0,1.0,https://pypi.org/project/dsgrid,2014-12-18 16:20:53.000,,51.0,,,,1.0,,,,,,,,,
89,EnergyDataModel,data,"['pypi', 'python', 'jupyter', 'for-profit']",,rebase-energy/EnergyDataModel,MIT,Represent energy systems as Python data classes.,https://github.com/rebase-energy/energydatamodel,https://www.energydatamodel.org/,2023-12-23 11:12:27,2026-05-28 09:24:09.000000,2026-05-28 09:15:41,133.0,7.0,2.0,86.0,5.0,17,True,https://docs.energydatamodel.org/en/latest/,4.0,5.0,,2026-05-27 08:53:50.000,0.7.0,11.0,34.0,energydatamodel,,,2074.0,4.0,,https://pypi.org/project/energydatamodel,2026-05-27 08:53:50.000,4.0,2074.0,,,,3.0,,,,,,,,,
90,GridPACK,phasor,"['c', 'gha', 'python', 'lab']",,GridOPTICS/GridPACK,BSD-3,High-Performance Electric Grid Simulation.,https://github.com/GridOPTICS/GridPACK,https://gridpack.pnnl.gov/wiki/index.php/Main_Page,2014-07-22 21:01:57,2026-06-22 00:10:07.000000,2026-04-28 15:44:30,3317.0,23.0,18.0,63.0,58.0,17,True,https://github.com/GridOPTICS/GridPACK/wiki,15.0,124.0,119.0,2026-03-24 15:40:43.000,3.6,7.0,35.0,,,654.0,5.0,,,,,,,,,,2.0,,,,,-1.0,,,,
91,powerfactory-tools,intf,"['pypi', 'python', 'university', 'jupyter', 'gha']",,ieeh-tu-dresden/powerfactory-tools,BSD-3,Python toolbox for control of DIgSILENT PowerFactory.,https://github.com/ieeh-tu-dresden/powerfactory-tools,https://github.com/ieeh-tu-dresden/powerfactory-tools,2022-08-31 07:29:54,2026-06-23 21:43:52.000000,2026-06-17 11:37:56,161.0,9.0,23.0,54.0,4.0,17,True,,3.0,141.0,183.0,2026-04-10 16:36:30.000,3.4.0,24.0,6.0,ieeh-powerfactory-tools,,385.0,149.0,2.0,2.0,https://pypi.org/project/ieeh-powerfactory-tools,2026-04-10 16:36:30.000,,141.0,,,,2.0,,,,,,,,,
92,ERAD,intf,"['gha', 'pypi', 'python', 'lab']",,NLR-Distribution-Suite/erad,BSD-3,Toolkit for computing resilience metrics for power distribution systems.,https://github.com/NLR-Distribution-Suite/erad,https://github.com/NLR-Distribution-Suite/erad,2022-10-20 18:16:38,2026-06-22 15:09:12.000000,2026-06-22 15:07:23,235.0,13.0,5.0,24.0,7.0,17,True,https://nlr-distribution-suite.github.io/erad/,6.0,78.0,,2026-04-07 20:55:19.000,0.1.11,15.0,11.0,NREL-erad,,,174.0,3.0,3.0,https://pypi.org/project/NREL-erad,2026-04-07 20:55:19.000,,174.0,,,,2.0,,,,,2.0,,,,
93,RSOME,opl,"['gha', 'pypi', 'jupyter', 'python', 'university']",,XiongPengNUS/rsome,GPL-3,Robust Stochastic Optimization Made Easy.,https://github.com/XiongPengNUS/rsome,https://github.com/XiongPengNUS/rsome,2020-07-26 13:00:05,2024-11-15 13:40:52.000000,2024-11-15 13:40:10,218.0,60.0,7.0,344.0,3.0,16,True,https://xiongpengnus.github.io/rsome/,3.0,21.0,38.0,2024-06-25 13:42:14.000,1.3.0,34.0,,rsome,,,611.0,4.0,,https://pypi.org/project/rsome,2024-10-29 06:05:15.000,4.0,611.0,,,,3.0,,,,,,,,,
94,Clarabel.jl,ops,"['gha', 'julia', 'university']",,oxfordcontrol/Clarabel.jl,Apache-2,Interior-point solver for convex conic optimisation in Julia.,https://github.com/oxfordcontrol/Clarabel.jl,https://github.com/oxfordcontrol/Clarabel.jl,2021-11-09 14:28:22,2026-04-29 09:02:43.000000,2026-04-14 16:23:53,927.0,28.0,11.0,271.0,13.0,16,True,https://clarabel.org,4.0,157.0,63.0,2026-04-14 16:30:16.000,0.11.1,18.0,9.0,,,,,,,,,,,,,,3.0,,,,,,,,,
95,Xyce,phasor,"['pypi', 'conda', 'jupyter', 'python', 'lab']",,Xyce/Xyce,GPL-3,The Xyce Parallel Electronic Simulator.,https://github.com/Xyce/Xyce,https://xyce.sandia.gov/,2019-05-09 15:56:12,2026-06-01 16:41:45.000000,2026-06-01 15:20:18,297.0,22.0,42.0,152.0,8.0,16,True,https://xyce.sandia.gov/documentation-tutorials/,13.0,14.0,80.0,2025-07-21 19:17:59.000,Release-7.10.0,14.0,14.0,xyce,vlsida-eda/xyce,1156.0,167.0,,,https://pypi.org/project/xyce,2022-01-05 14:07:36.000,,30.0,https://anaconda.org/vlsida-eda/xyce,2025-03-25 16:27:12.035,5084.0,2.0,,,,,,,,,
96,OpenIPSL,phasor,"['gha', 'modelica', 'university']",,OpenIPSL/OpenIPSL,BSD-3,A Power System Library written in the Modelica.,https://github.com/OpenIPSL/OpenIPSL,https://github.com/OpenIPSL/OpenIPSL,2016-04-16 09:09:47,2026-04-13 14:22:49.000000,2026-04-13 14:22:49,1917.0,66.0,16.0,108.0,36.0,16,True,https://doc.openipsl.org,20.0,254.0,124.0,2026-02-25 16:09:23.000,3.1.0,16.0,1.0,,,517.0,4.0,,,,,,,,,,2.0,,,,,,,,,
97,CIMTool,intf,"['gha', 'java', 'non-profit']",,CIMug-org/CIMTool,LGPL-2.1,CIMugs CIMTool for the CIM.,https://github.com/cimug-org/CIMTool,https://github.com/cimug-org/CIMTool,2020-04-14 18:23:49,2026-06-23 13:00:20.000000,2026-06-23 12:59:36,672.0,11.0,42.0,75.0,17.0,16,True,http://cimtool.ucaiug.io/,16.0,118.0,94.0,2026-06-09 09:38:57.000,2.3.0,13.0,116.0,,,3028.0,41.0,,,,,,,,,,2.0,,,,,,,,,
98,CIMpy,intf,"['gha', 'pypi', 'python', 'non-profit']",,sogno-platform/cimpy,MPL-2.0,CIM files to the XML/RDF format.,https://github.com/sogno-platform/cimpy,https://github.com/sogno-platform/cimpy,2020-01-29 08:22:48,2025-03-09 07:52:14.000000,2025-02-23 21:37:23,230.0,25.0,5.0,75.0,11.0,16,True,https://sogno.energy/cimpy/,4.0,27.0,12.0,2025-03-09 07:52:14.000,1.2.0,9.0,,cimpy,,,853.0,18.0,17.0,https://pypi.org/project/cimpy,2024-06-20 20:41:41.000,1.0,853.0,,,,2.0,,,,,,,,,
99,Easy SimAuto,intf,"['pypi', 'python', 'university']",,mzy2240/ESA,Apache-2,Python interface to PowerWorld.,https://github.com/mzy2240/ESA,https://github.com/mzy2240/ESA,2019-10-08 21:37:23,2025-12-31 17:47:22.000000,2025-12-31 17:47:22,667.0,16.0,19.0,53.0,13.0,16,True,https://mzy2240.github.io/ESA/html/index.html,4.0,19.0,85.0,2023-06-05 21:19:00.512,1.3.5,52.0,,esa,,,637.0,11.0,10.0,https://pypi.org/project/esa,2023-06-05 21:19:00.512,1.0,637.0,,,,2.0,,,,,,,,,
100,Open RAO,steady-state,"['gha', 'java', 'non-profit']",,powsybl/powsybl-open-rao,MPL-2.0,Power systems coordinated capacity calculation and security analysis.,https://github.com/powsybl/powsybl-open-rao,https://www.powsybl.org,2018-11-22 10:41:50,2026-06-25 09:02:29.000000,2026-06-15 11:33:55,1222.0,9.0,72.0,31.0,43.0,16,True,https://powsybl.readthedocs.io/projects/openrao/en/stable/,1.0,1532.0,163.0,2026-03-31 09:42:53.000,7.2.0,89.0,41.0,,,55.0,0.0,,,,,,,,,,3.0,,,,,,,,,
101,RTS-GMLC,data,['lab'],,GridMod/RTS-GMLC,DOE/NREL/ALLIANCE data use disclaimer agreement,Reliability Test System dataset for Grid Modernization Lab Consortium studies.,https://github.com/GridMod/RTS-GMLC,https://github.com/GridMod/RTS-GMLC,2017-01-13 22:10:37,2025-10-23 02:49:18.000000,2025-10-23 02:33:26,505.0,97.0,28.0,242.0,31.0,15,True,,22.0,37.0,98.0,2025-10-23 02:49:18.000,0.2.3,5.0,,,,,,,,,,,,,,,3.0,,,,,,,,,
102,ExaModels,opl,"['gha', 'julia', 'university']",,exanauts/ExaModels.jl,MIT,"An algebraic modeling and automatic differentiation tool in Julia Language, specialized for SIMD abstraction of..",https://github.com/exanauts/ExaModels.jl,https://github.com/exanauts/ExaModels.jl,2023-03-28 20:02:20,2026-06-24 14:02:51.000000,2026-06-24 13:39:27,220.0,9.0,9.0,77.0,13.0,15,True,https://exanauts.github.io/ExaModels.jl/stable/,4.0,223.0,45.0,2026-06-24 13:58:34.000,0.11.2,20.0,27.0,,,,,,,,,,,,,,3.0,,,,,,,,,
103,dGen,dataman,"['gha', 'python', 'jupyter', 'lab']",,NatLabRockies/dgen,BSD-3,The Distributed Generation Market Demand (dGen) model.,https://github.com/NatLabRockies/dgen,https://github.com/NatLabRockies/dgen,2020-04-15 15:51:02,2026-06-25 14:57:47.000000,2026-02-17 20:32:57,301.0,169.0,24.0,77.0,14.0,15,True,https://natlabrockies.github.io/dgen/,14.0,33.0,21.0,2024-12-18 17:32:05.000,2.0.0,2.0,,,,,,,,,,,,,,,3.0,,,,,,,,,
104,STEPS,phasor,"['c', 'pypi', 'python', 'university']",,changgang/steps,MIT,Balanced large-scale AC-DC hybrid power system analysis.,https://github.com/changgang/steps,https://github.com/changgang/steps,2019-08-24 12:09:47,2026-02-02 03:19:10.000000,2026-02-02 02:05:27,799.0,23.0,1.0,73.0,9.0,15,True,https://github.com/changgang/steps/wiki/,6.0,,3.0,2026-02-02 03:21:35.000,2.3.0,45.0,,stepspy,,87.0,81.0,7.0,7.0,https://pypi.org/project/stepspy,2026-02-02 02:01:13.000,,80.0,,,,3.0,,,,,,,,,
105,AltDSS/DSS C-API,intf,"['gha', 'volunteer']",,dss-extensions/dss_capi,BSD-3,a plain C interface to OpenDSS.,https://github.com/dss-extensions/dss_capi,https://dss-extensions.org/,2017-12-18 14:45:11,2026-02-26 04:44:09.000000,2024-07-11 18:58:44,2411.0,16.0,16.0,39.0,8.0,15,True,https://dss-extensions.org/dss-extensions/pascal/,7.0,12.0,106.0,2024-03-29 04:28:39.000,0.14.5,73.0,,,,34525.0,345.0,,,,,,,,,,2.0,,,,,,,,,
106,PowerGraphics.jl,vis,"['gha', 'julia', 'jupyter', 'lab']",,NREL-Sienna/powergraphics.jl,BSD-3,Visualization for PowerSimulations; NREL Sienna.,https://github.com/Sienna-Platform/PowerGraphics.jl,https://www.nlr.gov/analysis/sienna,2020-02-19 23:29:27,2026-06-20 20:28:28.000000,2026-06-20 18:24:57,624.0,19.0,18.0,33.0,14.0,15,True,https://nrel-sienna.github.io/PowerGraphics.jl/stable/,8.0,98.0,24.0,2026-06-08 21:51:00.000,0.22.1,46.0,12.0,,,,,,,,,,,,,,3.0,,,,,,,Sienna-Platform/PowerGraphics.jl,,
107,matpower-pip,intf,"['gha', 'pypi', 'python', 'university']",,yasirroni/matpower-pip,MIT,Easy Python Access to MATPOWER.,https://github.com/yasirroni/matpower-pip,https://github.com/yasirroni/matpower-pip,2021-12-27 15:47:13,2026-06-03 21:17:02.000000,2026-06-03 21:17:02,225.0,3.0,7.0,26.0,2.0,15,True,,2.0,16.0,15.0,2026-02-25 05:22:02.000,2.3.0,26.0,7.0,matpower,,,784.0,16.0,14.0,https://pypi.org/project/matpower,2026-02-25 05:03:00.000,2.0,784.0,,,,2.0,,,,,,,,,
108,powfacpy,intf,"['pypi', 'python', 'non-profit']",,FraunhIEE-UniKassel-PowSysStability/powfacpy,MIT,Python wrapper around the DIgSILENT PowerFactory API.,https://github.com/FraunhIEE-UniKassel-PowSysStability/powfacpy,https://github.com/FraunhIEE-UniKassel-PowSysStability/powfacpy,2022-09-05 12:16:00,2026-06-12 12:44:11.000000,2026-06-12 12:39:40,442.0,4.0,7.0,10.0,2.0,15,True,https://fraunhiee-unikassel-powsysstability.github.io/powfacpy/docs/,,65.0,34.0,2026-06-11 15:01:43.000,0.4.4,33.0,3.0,powfacpy,,,294.0,5.0,5.0,https://pypi.org/project/powfacpy,2026-06-11 15:01:43.000,,294.0,,,,2.0,,,,,,,,,
109,ReEDS-2.0,steady-state,"['python', 'gha', 'lab']",,NatLabRockies/ReEDS-2.0,GPL-3,Capacity planning and dispatch model.,https://github.com/NatLabRockies/ReEDS-2.0,https://www.nlr.gov/analysis/reeds/,2019-05-28 15:57:01,2026-04-22 13:55:19.000000,2026-04-22 13:53:47,123.0,80.0,7.0,175.0,14.0,14,True,https://docs.nlr.gov/docs/fy21osti/78195.pdf,128.0,54.0,25.0,2026-03-26 21:04:48.000,2026.03.17,18.0,3.0,,,,,,,,,,,,,,3.0,,,,,,,,,
110,UnitCommitment.jl,steady-state,"['julia', 'gha', 'lab']",,ANL-CEEESA/UnitCommitment.jl,BSD-3,Optimization package for the Security-Constrained Unit Commitment Problem.,https://github.com/ANL-CEEESA/UnitCommitment.jl,https://github.com/ANL-CEEESA/UnitCommitment.jl,2020-05-13 15:18:42,2026-06-18 18:57:56.000000,2026-06-18 18:55:40,503.0,36.0,3.0,144.0,7.0,14,True,https://anl-ceeesa.github.io/UnitCommitment.jl/,6.0,29.0,9.0,2025-11-27 15:16:26.000,0.4.2,9.0,19.0,,,,,,,,,,,,,,3.0,,,,,,,,,
111,KVXOPT,ops,"['gha', 'pypi', 'conda', 'python', 'volunteer']",,sanurielf/kvxopt,GPL-3,CVXOPT with additional SuiteSparse wrappers.,https://github.com/kvxopt/kvxopt,https://github.com/kvxopt/kvxopt,2014-03-17 19:08:31,2026-02-23 01:41:18.388000,2026-02-22 21:51:53,326.0,1.0,,13.0,16.0,14,True,https://sanurielf.github.io/kvxopt/userguide/,2.0,11.0,7.0,2026-02-22 22:10:03.000,1.3.3.1,24.0,,kvxopt,conda-forge/kvxopt,8.0,14025.0,48.0,34.0,https://pypi.org/project/kvxopt,2026-02-22 22:26:50.000,14.0,5898.0,https://anaconda.org/conda-forge/kvxopt,2026-02-23 01:41:18.388,455121.0,3.0,,,,,,,kvxopt/kvxopt,,
112,ExaGO,steady-state,"['gha', 'jupyter', 'c', 'python', 'lab']",,pnnl/ExaGO,BSD-3,Large-scale power grid optimization.,https://github.com/pnnl/ExaGO,https://www.gridpath.io/,2023-08-02 21:05:34,2026-03-23 17:12:53.000000,2026-03-23 17:12:52,1175.0,16.0,47.0,93.0,35.0,13,True,https://github.com/pnnl/ExaGO/blob/develop/docs/manual/manual.pdf,10.0,103.0,101.0,2023-10-25 18:01:10.000,1.6.0,1.0,,,,,,,,,,,,,,,3.0,,,,,,,,,
113,PowerSystems,phasor,"['modelica', 'non-profit']",,modelica-3rdparty/PowerSystems,Modelica License 2,Modelica 3rd party library for electrical power systems.,https://github.com/modelica-3rdparty/PowerSystems,https://github.com/modelica-3rdparty/PowerSystems,2013-04-19 08:46:45,2024-05-07 09:11:07.000000,2024-05-07 08:58:45,190.0,36.0,14.0,79.0,10.0,13,False,https://build.openmodelica.org/Documentation/PowerSystems.html,29.0,17.0,27.0,2024-05-07 09:11:07.000,2.0.0,7.0,,,,,,,,,,,,,,,3.0,,,,,,,,,
114,grg-pssedata,intf,"['pypi', 'python', 'lab']",,lanl-ansi/grg-pssedata,BSD-3,Python tools for working with PSSE v33 data files.,https://github.com/lanl-ansi/grg-pssedata,https://github.com/lanl-ansi/grg-pssedata,2018-05-26 20:24:25,2020-12-15 03:35:19.000000,2020-12-14 22:39:36,35.0,16.0,3.0,35.0,3.0,13,False,https://grg-pssedata.readthedocs.io/en/stable/,5.0,5.0,10.0,2020-12-15 03:35:19.000,0.1.4,7.0,,grg-pssedata,,,484.0,8.0,7.0,https://pypi.org/project/grg-pssedata,2020-12-15 03:35:19.000,1.0,484.0,,,,3.0,,,,,,,,,
115,AltDSS-Python,intf,"['pypi', 'python', 'jupyter']",,dss-extensions/AltDSS-Python,BSD-3,Modern Python bindings for an alternative implementation of OpenDSS.,https://github.com/dss-extensions/AltDSS-Python,https://dss-extensions.org/,2023-11-10 01:17:41,2026-02-27 03:29:40.000000,2024-03-29 05:44:37,466.0,2.0,6.0,18.0,,13,False,https://dss-extensions.org/AltDSS-Python/,2.0,1.0,6.0,2024-03-29 06:29:57.000,0.2.4,12.0,,altdss,,,1783.0,20.0,15.0,https://pypi.org/project/altdss,2026-02-26 06:44:21.000,5.0,1783.0,,,,3.0,,,,,,,,,
116,OpenDER,phasor,"['pypi', 'jupyter', 'python', 'c', 'non-profit']",,epri-dev/OpenDER,BSD-3,Inverter-based DER simulation.,https://github.com/epri-dev/OpenDER,https://www.epri.com/OpenDER,2022-04-26 22:09:28,2025-06-23 15:15:40.000000,2025-04-15 17:33:02,125.0,29.0,,71.0,2.0,12,True,,18.0,14.0,1.0,2025-04-15 17:34:05.000,2.2,15.0,,opender,,,3363.0,3.0,3.0,https://pypi.org/project/opender,2025-04-13 13:19:28.000,,3363.0,,,,3.0,,,,,,,,,
117,PSST,steady-state,"['gha', 'pypi', 'python', 'university']",,ames-market/psst,AMES License,Power System Simulation Toolbox for SCUC and SCED in electricity market simulation.,https://github.com/ames-market/psst,https://github.com/ames-market/psst,2016-05-09 03:47:40,2023-02-08 00:45:06.000000,2022-02-08 04:40:44,48.0,29.0,13.0,44.0,7.0,12,False,https://psst.readthedocs.io/,7.0,15.0,,2020-11-24 19:24:03.000,0.1.9,12.0,,psst,,,79.0,7.0,7.0,https://pypi.org/project/psst,2020-11-24 19:24:03.000,,79.0,,,,3.0,,,,,,,,,
118,MOST,steady-state,"['gha', 'octave', 'university']",,MATPOWER/most,BSD-3,MATPOWER Optimal Scheduling Tool.,https://github.com/MATPOWER/most,https://matpower.org/,2016-12-16 19:10:43,2026-06-22 19:30:44.000000,2026-06-22 19:17:26,251.0,14.0,8.0,39.0,2.0,12,True,https://github.com/MATPOWER/most/blob/master/docs/MOST-manual.pdf,4.0,9.0,37.0,2025-07-12 21:38:08.000,1.3.1,6.0,3.0,,,,,,,,,,,,,,3.0,,,,,,,,,
119,OpenDSSDirect.jl,intf,"['gha', 'julia', 'volunteer']",,dss-extensions/OpenDSSDirect.jl,MIT,Cross-platform Julia interface to OpenDSS.,https://github.com/dss-extensions/OpenDSSDirect.jl,https://dss-extensions.org/,2015-12-30 20:40:07,2026-02-26 06:58:24.000000,2026-02-17 15:07:40,291.0,6.0,12.0,30.0,9.0,12,True,https://dss-extensions.org/OpenDSSDirect.jl/,6.0,63.0,36.0,2024-10-30 03:10:57.000,0.9.9,23.0,,,,,,,,,,,,,,,3.0,,,,,,,,,
120,OATS,steady-state,"['pypi', 'python', 'university']",,bukhsh/oats,GPL-3,Optimisation and Analysis Toolbox for Power Systems.,https://github.com/bukhsh/oats,https://github.com/bukhsh/oats,2018-01-26 23:15:04,2024-12-11 15:02:44.000000,2024-12-11 15:02:44,221.0,8.0,23.0,29.0,4.0,12,True,https://oats.readthedocs.io,1.0,69.0,56.0,2020-01-28 13:56:32.000,1.0.2,22.0,,oatspower,,,80.0,4.0,3.0,https://pypi.org/project/oatspower,2020-01-28 13:45:01.000,1.0,80.0,,,,3.0,,,,,,,,,
121,DOPER,steady-state,"['gha', 'python', 'jupyter', 'lab']",,LBNL-ETA/DOPER,BSD-3,Distributed Optimal and Predictive Energy Resources.,https://github.com/LBNL-ETA/DOPER,https://github.com/LBNL-ETA/DOPER,2019-02-05 16:36:15,2026-06-24 22:59:27.000000,2026-06-24 22:58:53,128.0,12.0,,22.0,3.0,12,True,,1.0,5.0,,2026-06-24 22:59:27.000,2.5.4,26.0,38.0,,,,,,,,,,,,,,3.0,,,,,,,,,
122,PyPSA MCP,llm,"['python', 'pypi', 'volunteer']",,cdgaete/pypsa-mcp,MIT,PyPSA Energy Modeling for LLMs.,https://github.com/open-energy-transition/pypsa-mcp,https://github.com/open-energy-transition/pypsa-mcp,2025-04-22 06:42:57,2026-03-20 04:15:27.000000,2026-03-20 03:26:26,39.0,6.0,,55.0,2.0,11,True,,1.0,,,2026-03-20 04:15:27.000,0.2.0,5.0,,pypsamcp,,9.0,161.0,,,https://pypi.org/project/pypsamcp,2026-03-20 04:15:27.000,,161.0,,,,2.0,,,,,,,open-energy-transition/pypsa-mcp,,
123,DSSData,steady-state,"['gha', 'pypi', 'python']",,felipemarkson/dssdata,MIT,A micro-framework for simulation and data analysis of distribution systems modeled on OpenDSS.,https://github.com/felipemarkson/dssdata,https://github.com/felipemarkson/dssdata,2020-03-27 20:15:33,2023-04-10 13:02:09.000000,2023-04-10 13:02:03,186.0,3.0,5.0,17.0,2.0,11,False,https://felipemarkson.github.io/dssdata/,2.0,64.0,31.0,2023-04-10 12:47:00.587,0.2.0,10.0,,dssdata,,59.0,157.0,2.0,2.0,https://pypi.org/project/dssdata,2023-01-24 14:40:53.571,,157.0,,,,3.0,,,,,,,,,
124,PowerSystemsInvestmentsPortfolios.jl,steady-state,"['gha', 'julia', 'lab']",,NREL-Sienna/PowerSystemsInvestmentsPortfolios.jl,BSD-3,Data models for Power Systems investment models; NREL Sienna.,https://github.com/Sienna-Platform/PowerSystemsInvestmentsPortfolios.jl,https://www.nlr.gov/analysis/sienna,2024-02-29 21:31:12,2026-06-24 21:28:41.000000,2026-06-20 19:29:42,39.0,9.0,22.0,13.0,7.0,11,True,https://nrel-sienna.github.io/PowerSystemsInvestmentsPortfolios.jl/stable,3.0,39.0,44.0,2026-01-25 17:32:26.000,0.1.0,1.0,3.0,,,,,,,,,,,,,,3.0,,,,,,,Sienna-Platform/PowerSystemsInvestmentsPortfolios.jl,,
125,LTB AGVis,vis,"['gha', 'pypi', 'python', 'university']",,CURENT/agvis,GPL-3,Geographical Visualization for Power Grid; CURENT LTB.,https://github.com/CURENT/agvis,https://ltb.curent.org/,2019-08-30 19:15:27,2026-03-09 19:00:59.000000,2026-03-09 18:54:56,505.0,6.0,9.0,10.0,12.0,11,True,https://agvis.readthedocs.io/en/latest/,1.0,49.0,16.0,2024-06-07 18:28:30.000,4.0.0,2.0,,agvis,,20.0,67.0,3.0,3.0,https://pypi.org/project/agvis,2024-06-07 18:28:30.000,,67.0,,,,3.0,,,,,,,,,
126,PyPSA-Distribution,steady-state,"['gha', 'python', 'volunteer']",,pypsa-meets-earth/pypsa-distribution,GPL-3,Multi-energy model for small scale applications in high spatial and temporal resolution.,https://github.com/pypsa-meets-earth/pypsa-distribution,https://github.com/pypsa-meets-earth/pypsa-distribution,2022-05-29 15:03:11,2026-06-22 17:49:31.000000,2026-06-09 15:22:21,326.0,13.0,25.0,29.0,7.0,10,True,https://pypsa-distribution.readthedocs.io/en/latest/,4.0,59.0,10.0,2025-12-31 18:44:21.000,0.0.2,2.0,2.0,,,,,,,,,,,,,,3.0,,,,,,,,,
127,cimpyorm,intf,"['gha', 'python', 'pypi', 'university']",,RWTH-IAEW/cimpyorm,BSD-3.0,Python ORM middleware for IEC CIM and CGMES datasets.,https://github.com/RWTH-IAEW/cimpyorm,https://github.com/RWTH-IAEW/cimpyorm,2019-01-17 11:51:43,2024-05-15 14:28:13.000000,2023-10-19 16:12:01,82.0,4.0,1.0,12.0,5.0,10,False,,3.0,17.0,2.0,2023-10-19 16:13:58.000,0.10.1,52.0,,cimpyorm,,,265.0,4.0,4.0,https://pypi.org/project/cimpyorm,2023-10-19 16:13:58.000,,265.0,,,,3.0,,,,,,,,,
128,mhi-pscad,intf,"['pypi', 'python', 'for-profit']",,,BSD-3,PSCAD Automation library.,,https://www.pscad.com/,,2026-05-14 20:28:58.000000,,,,,,,10,True,https://www.pscad.com/webhelp-v501-al/index.html,,,,2026-03-03 21:10:26.000,3.1.1,36.0,,mhi-pscad,,,6241.0,2.0,,https://pypi.org/project/mhi-pscad,2026-05-14 20:28:58.000,2.0,6241.0,,,,3.0,,,,,,,,,
129,DeepSolar,data,"['python', 'university']",,wangzhecheng/DeepSolar,MIT,Houseshold-level solar panel identification with deep learning.,https://github.com/wangzhecheng/DeepSolar,https://deepsolar.web.app,2017-06-24 23:09:16,2023-03-24 22:39:39.000000,2019-03-26 09:03:56,16.0,72.0,12.0,267.0,2.0,9,False,,21.0,15.0,5.0,,,,,,,,,,,,,,,,,,3.0,,,,,,,,,
130,RLGC,mrl,"['python', 'jupyter', 'lab']",,RLGC-Project/RLGC,BSD,RL for Grid Control (RLGC).,https://github.com/RLGC-Project/RLGC,https://github.com/RLGC-Project/RLGC,2018-12-03 19:07:39,2022-04-08 07:14:43.000000,2022-04-08 07:12:43,90.0,33.0,5.0,138.0,4.0,9,False,,3.0,3.0,10.0,2020-12-23 06:10:29.000,V1.0.0_RC,2.0,,,,,,,,,,,,,,,2.0,,,,,,,,,
131,EV-EcoSim,steady-state,"['gha', 'python', 'university']",,ebalogun01/EV-EcoSim/,MIT,A grid-aware co-simulation platform for the design and optimization of EV Charging Infrastructure.,https://github.com/ebalogun01/EV-EcoSim,https://github.com/ebalogun01/EV-EcoSim,2021-01-13 18:55:38,2024-04-19 05:40:52.000000,2024-04-19 05:40:52,509.0,5.0,9.0,26.0,,9,False,https://ebalogun01.github.io/EV-EcoSim/,2.0,33.0,63.0,,,,,,,,,,,,,,,,,,3.0,,,,,,,,,
132,PowerSystemsInvestments.jl,steady-state,"['gha', 'julia', 'lab']",,NREL-Sienna/PowerSystemsInvestments.jl,BSD-3,Power Systems investment models; NREL Sienna.,https://github.com/Sienna-Platform/PowerSystemsInvestments.jl,https://www.nlr.gov/analysis/sienna,2024-02-29 21:28:33,2026-06-22 16:48:39.000000,2026-06-20 19:27:53,23.0,14.0,29.0,21.0,4.0,9,True,https://nrel-sienna.github.io/PowerSystemsInvestments.jl/stable,4.0,27.0,5.0,,,,3.0,,,,,,,,,,,,,,3.0,,,,,,,Sienna-Platform/PowerSystemsInvestments.jl,,
133,CIMTool-Builders-Library,intf,['non-profit'],,CIMug-org/CIMTool-Builders-Library,Apache-2,Publically available XSLT builders.,https://github.com/cimug-org/CIMTool-Builders-Library,https://github.com/cimug-org/CIMTool-Builders-Library,2022-09-02 21:37:09,2026-05-15 10:48:45.000000,2026-05-14 14:06:13,242.0,3.0,,10.0,7.0,9,True,https://cimtool-builders.ucaiug.io/,7.0,11.0,,,,,6.0,,,,,,,,,,,,,,3.0,,,,,,,,,
134,PowerfulCases,data,"['gha', 'pypi', 'octave', 'python']",,cuihantao/PowerfulCases,MIT,Test case data management for power systems simulation.,https://github.com/cuihantao/PowerfulCases,https://github.com/cuihantao/PowerfulCases,2025-12-27 11:33:16,2026-01-19 15:31:43.000000,2026-01-19 15:31:40,35.0,,,4.0,,9,True,,,,,2025-12-29 07:41:40.000,0.4.0,4.0,,powerfulcases,,,99.0,,,https://pypi.org/project/powerfulcases,2025-12-29 07:41:40.000,,99.0,,,,3.0,,,,,,,,,
135,ParaEMT,emt,"['python', 'lab']",,NatLabRockies/ParaEMT_public,BSD-3,Parallel EMT simulation.,https://github.com/NatLabRockies/ParaEMT_public,https://github.com/NatLabRockies/ParaEMT_public,2023-06-08 12:43:21,2026-01-15 20:05:30.000000,2026-01-15 20:05:30,137.0,47.0,5.0,96.0,4.0,8,True,,7.0,9.0,1.0,,,,,,,,,,,,,,,,,,3.0,,,,,,,,,
136,AMES - Version 5.0,steady-state,"['java', 'university', 'python']",,ames-market/AMES-V5.0,https://github.com/ames-market/AMES-V5.0/blob/master/LICENSE.rst,Wholesale Power Market Test Bed.,https://github.com/ames-market/AMES-V5.0,https://www2.econ.iastate.edu/tesfatsi/AMESMarketHome.htm,2020-08-03 08:54:08,2026-02-02 23:36:15.000000,2026-02-03 00:01:26,122.0,9.0,3.0,33.0,3.0,7,True,https://www2.econ.iastate.edu/tesfatsi/AMESMarketProjectSetUpInfo.pdf,3.0,,,,,,,,,,,,,,,,,,,,3.0,,,,,,,,,
137,PowerSAS.m,phasor,"['octave', 'lab']",,ANL-CEEESA/powersas.m,BSD-3,Power grid analysis framework based on semi-analytical solutions.,https://github.com/ANL-CEEESA/powersas.m,https://github.com/ANL-CEEESA/powersas.m,2021-12-10 21:25:47,2024-01-05 12:21:48.000000,2024-01-05 12:21:48,75.0,6.0,1.0,21.0,4.0,7,False,https://powersasm.readthedocs.io/en/latest/index.html,1.0,6.0,,,,,,,,,,,,,,,,,,,3.0,,,,,,,,,
138,COLIB,book,"['gha', 'volunteer']",False,CRESYM/colib0.github.io,CC-BY-4.0,Collaborative dynamic library.,https://github.com/CRESYM/colib0.github.io,https://colib.net/,2023-04-06 07:41:08,2025-05-13 08:16:29.000000,2025-05-12 11:57:39,606.0,4.0,12.0,14.0,12.0,7,True,,2.0,156.0,116.0,,,,,,,,,,,,,,,,,,1.0,,,,,,,,,
139,DSS Sharp,intf,"['gha', 'volunteer']",,dss-extensions/dss_sharp,BSD-3,C#/.NET wrapper library for DSS C-API.,https://github.com/dss-extensions/dss_sharp,https://dss-extensions.org/,2018-07-01 04:22:15,2024-03-15 04:51:26.000000,2024-03-15 04:40:46,37.0,,3.0,12.0,,7,False,https://dss-extensions.org/dss-extensions/pascal/,2.0,1.0,12.0,2024-03-15 05:08:24.000,0.14.4,9.0,,,,61.0,0.0,3.0,3.0,,,,,,,,3.0,,,,,,,,,
140,OptiVerse,ops,"['python', 'volunteer']",,feyntech-opt/OptiVerse,MIT,A library with innovative optimization solutions.,https://github.com/feyntech-opt/OptiVerse,https://www.opti-verse.org/,2024-06-16 02:40:23,2025-02-15 07:06:51.000000,2025-02-15 07:06:51,69.0,12.0,,12.0,5.0,7,True,https://www.opti-verse.org/handbook/,,3.0,,,,,,,,,,,,,,,,,,,3.0,,,,,,,,,
141,DSS MATLAB,intf,"['gha', 'octave', 'volunteer']",,dss-extensions/dss_matlab,BSD-3,MATLAB interface to OpenDSS.,https://github.com/dss-extensions/dss_matlab,https://dss-extensions.org/,2018-07-23 03:17:34,2024-10-30 16:51:03.000000,2024-10-30 16:43:11,62.0,2.0,7.0,11.0,,7,True,https://dss-extensions.org/dss-extensions/pascal/,2.0,,14.0,2024-10-30 17:03:32.000,0.14.3-1,19.0,,,,1309.0,14.0,,,,,,,,,,3.0,,,,,,,,,
142,MPNG,gasnet,"['octave', 'university']",,MATPOWER/mpng,BSD-3,Simulator for Optimal Power and Natural Gas Flow.,https://github.com/MATPOWER/mpng,https://matpower.org/,2019-09-27 19:49:43,2023-09-13 12:15:23.000000,2023-09-13 12:15:23,65.0,5.0,,11.0,3.0,7,False,https://github.com/MATPOWER/mpng/blob/master/MPNG_User's_Manual/MPNG_Manual_V0.99a.pdf,3.0,2.0,,,,,,,,,,,,,,,,,,,3.0,,,,,,,,,
143,PowerFlowAnalyzer,steady-state,"['octave', 'java', 'university']",,power-flow-analyzer/PowerFlowAnalyzer,Apache-2,Toolbox for power system analysis.,https://github.com/power-flow-analyzer/PowerFlowAnalyzer,https://github.com/power-flow-analyzer/PowerFlowAnalyzer,2019-04-01 20:04:10,2019-05-16 20:34:24.000000,2019-05-16 20:34:21,651.0,1.0,,7.0,3.0,7,False,https://power-flow-analyzer.github.io/,,,,2019-04-28 17:41:46.000,2.3.0,1.0,,,,224.0,2.0,,,,,,,,,,3.0,,,,,,,,,
144,hynet,steady-state,"['pypi', 'python', 'university']",,,BSD-3,Optimal power flow framework for hybrid AC/DC power systems.,,http://www.msv.ei.tum.de/,2018-10-04 13:52:00,2021-05-02 21:21:33.000000,,,0.0,,4.0,,7,False,https://hynet.readthedocs.io/en/latest/,,,,2021-05-02 21:21:33.000,1.2.3,20.0,,hynet,,,94.0,,,https://pypi.org/project/hynet,2021-05-02 21:21:33.000,,94.0,,,,3.0,,,,,,,,tum-msv/hynet,https://gitlab.com/tum-msv/hynet
145,P-V Curve LLM,llm,"['python', 'university']",,CURENT/pv-curve-llm,MIT,Using LLMs in Power-Voltage Curves for Voltage Stability analysis.,https://github.com/CURENT/pv-curve-llm,https://ltb.curent.org/,2025-06-30 14:39:51,2026-05-24 23:17:30.000000,2026-05-11 05:50:40,104.0,2.0,,4.0,6.0,7,True,,,8.0,,,,,4.0,,,,,,,,,,,,,,3.0,,,,,,,,,
146,LTB DiME,msg,"['c', 'python', 'octave', 'university']",,CURENT/dime,GPL-3,Distributed Messaging Environment; CURENT LTB.,https://github.com/CURENT/dime,https://ltb.curent.org/,2020-04-29 20:36:10,2023-07-31 21:24:25.000000,2023-07-31 21:24:15,531.0,2.0,13.0,4.0,4.0,7,False,https://ltbdime.readthedocs.io/en/latest/,4.0,11.0,35.0,,,,,,,,,,,,,,,,,,3.0,,,,,,,,,
147,PowerDynData.jl,data,"['julia', 'gha']",,cuihantao/PowerDynData.jl,MIT,Julia package for parsing PSS/E DYR dynamic data files.,https://github.com/cuihantao/PowerDynData.jl,https://github.com/cuihantao/PowerDynData.jl,2025-11-06 03:28:14,2026-04-20 05:51:26.000000,2026-01-04 08:15:15,39.0,1.0,,2.0,4.0,7,True,https://cuihantao.github.io/PowerDynData.jl,1.0,16.0,1.0,2026-01-04 08:13:04.000,0.3.0,2.0,,,,,,,,,,,,,,,3.0,,,,,,,,,
148,PowerFM,llm,['university'],,Power-Agent/PowerFM,MIT,Foundation models in the power and energy domain.,https://github.com/Power-Agent/PowerFM,http://poweragent.seas.harvard.edu/,2025-04-15 22:51:17,2026-05-14 18:15:36.000000,2026-05-14 18:15:33,13.0,4.0,1.0,45.0,1.0,6,True,,1.0,,,,,,1.0,,,,,,,,,,,,,,3.0,,,,,,,,,
149,PowerWorkflow,llm,"['python', 'university']",,Power-Agent/PowerWF,MIT,Collection of agentic workflows for power system applications.,https://github.com/Power-Agent/PowerWF,http://poweragent.seas.harvard.edu/,2025-04-16 15:48:14,2025-07-19 01:31:53.000000,2025-07-19 01:31:53,22.0,2.0,,36.0,1.0,6,True,,3.0,,,,,,,,,,,,,,,,,,,,3.0,,,,,,,,,
150,Daline,mrl,"['octave', 'university']",,JarvisETHZ/Daline,BSD-3,A Data-driven Power Flow Linearization Toolbox.,https://github.com/JarvisETHZ/Daline,https://github.com/JarvisETHZ/Daline,2024-07-10 03:44:21,2026-01-29 12:30:28.000000,2026-01-29 12:30:27,24.0,,,25.0,1.0,6,True,https://www.shuo.science/daline,1.0,,,2025-04-26 14:47:38.000,1.1.7,3.0,,,,9.0,0.0,,,,,,,,,,3.0,,,,,,,,,
151,US-REGEN,steady-state,['non-profit'],,epri-dev/US-REGEN,BSD-3,"U.S. regional economy, greenhouse gas, and energy model.",https://github.com/epri-dev/US-REGEN,https://esca.epri.com/usregen,2025-05-19 16:46:07,2025-05-27 18:30:39.000000,2025-05-27 18:30:39,13.0,4.0,1.0,23.0,2.0,6,True,https://us-regen-docs.epri.com/,6.0,,,2025-05-19 16:49:12.000,2025.0.0.1,1.0,,,,,,,,,,,,,,,3.0,,,,,,,,,
152,EGRIP.jl,steady-state,"['julia', 'octave', 'gha', 'lab']",,ANL-CEEESA/EGRIP.jl,BSD-3,Julia/MATALB package for power system restoration planning and verification.,https://github.com/ANL-CEEESA/EGRIP.jl,https://github.com/ANL-CEEESA/EGRIP.jl,2020-04-23 02:17:47,2025-05-06 20:50:00.000000,2025-05-06 20:46:12,159.0,,,11.0,5.0,6,True,https://anl-ceeesa.github.io/EGRIP.jl/stable/,2.0,4.0,,,,,,,,,,,,,,,,,,,3.0,,,,,,,,,
153,DPLib,steady-state,"['octave', 'university']",,LSU-RAISE-LAB/DPLib,Academic and Research Use Only,MATLAB-based distributed benchmark library and solvers for power system analysis and optimization.,https://github.com/LSU-RAISE-LAB/DPLib,https://github.com/LSU-RAISE-LAB/DPLib,2025-06-09 21:06:44,2026-06-15 00:42:38.000000,2026-06-15 00:42:12,61.0,4.0,,11.0,2.0,6,True,,,,1.0,,,,24.0,,,,,,,,,,,,,,3.0,,,,,,,,,
154,OpenHybridSim,phasor,"['java', 'university']",,OpenHybridSim/OpenHybridSim-code,BSD-3,EMT-TS hybrid simulation.,https://github.com/OpenHybridSim/OpenHybridSim-code,https://github.com/OpenHybridSim/OpenHybridSim-code,2015-01-17 03:59:14,2020-05-05 20:35:13.000000,2020-05-05 20:35:12,16.0,5.0,1.0,8.0,,6,False,,5.0,,,,,,,,,,,,,,,,,,,,3.0,,,,,,,,,
155,GSEIM,pe,"['pypi', 'python', 'volunteer']",,gseim/gseim,GPL-3,Simulation of electrical circuits.,https://github.com/gseim/gseim,https://github.com/gseim/gseim,2021-06-08 11:11:31,2022-07-16 09:00:00.315000,,,,,2.0,1.0,6,False,https://gseim.github.io/build/html/index.html,,,,,,5.0,,GSEIM,,,18.0,,,https://pypi.org/project/GSEIM,2022-07-16 09:00:00.315,,18.0,,,,1.0,,,,,,,,,
156,PSSE RAW,intf,"['python', 'for-profit']",,anderson-optimization/em-psse,MIT,PSSE RAW parser.,https://github.com/anderson-optimization/em-psse,https://github.com/anderson-optimization/em-psse,2019-02-14 21:15:32,2021-01-07 22:33:21.000000,2020-01-07 18:15:29,19.0,17.0,,39.0,2.0,5,False,,4.0,,1.0,,,,,,,,,,,,,,,,,,3.0,,,,,,,,,
157,ASSET,steady-state,"['python', 'lab']",,NatLabRockies/ASSET,BSD-3,Assess and analyze grid strength.,https://github.com/NatLabRockies/ASSET,https://github.com/NatLabRockies/ASSET,2025-04-22 16:07:29,2025-05-05 22:49:47.000000,2025-05-05 22:49:47,18.0,7.0,,19.0,2.0,5,True,,4.0,,,,,,,,,,,,,,,,,,,,3.0,,,,,,,,,
158,PyPSA-stochUC,steady-state,['python'],,PPGS-Tools/PyPSA-stochUC,MIT,Stochastic unit commitment extension for PyPSA with market and multistage optimization.,https://github.com/PPGS-Tools/PyPSA-stochUC,https://github.com/PPGS-Tools/PyPSA-stochUC,2024-01-22 16:09:09,2024-12-09 13:32:40.000000,2024-12-09 13:31:38,22.0,4.0,1.0,19.0,2.0,5,True,,1.0,,,,,1.0,,,,,,,,,,,,,,,3.0,,,,,,,,,
159,Andes.jl,intf,"['gha', 'julia', 'university']",,cuihantao/Andes.jl,MIT,Julia interface for ANDES.,https://github.com/cuihantao/Andes.jl,https://ltb.curent.org,2020-04-03 21:53:26,2024-02-05 08:03:58.000000,2024-02-05 04:08:07,58.0,1.0,,9.0,,5,False,,,1.0,1.0,,,,,,,,,,,,,,,,,,3.0,,,,,,,,,
160,mypower,steady-state,"['python', 'university']",,yasirroni/mypower,MIT,Supplementary function of MATPOWER in Python.,https://github.com/yasirroni/mypower,https://github.com/yasirroni/mypower,2020-03-09 07:23:38,2022-11-26 22:27:49.000000,2022-11-26 22:27:22,39.0,1.0,,8.0,,5,False,,2.0,3.0,,,,,,,,,,,,,,,,,,,3.0,,,,,,,,,
161,OpenDER interface,intf,"['python', 'jupyter', 'non-profit']",,epri-dev/OpenDER_interface,BSD-3,Interface for OpenDER.,https://github.com/epri-dev/OpenDER_interface,https://github.com/epri-dev/OpenDER_interface,2023-11-28 15:57:02,2025-02-10 04:13:30.000000,2025-02-10 04:13:25,47.0,2.0,,6.0,2.0,5,True,,9.0,,,,,,,,,,,,,,,,,,,,3.0,,,,,,,,,
162,GenSAS,phasor,"['cpp', 'gha', 'lab']",,ANL-CEEESA/gensas,BSD-3,A C++ based generalized simulation tool based on semi-analytical solutions.,https://github.com/ANL-CEEESA/gensas,https://github.com/ANL-CEEESA/gensas,2022-05-26 03:52:10,2026-04-05 03:53:08.000000,2026-04-05 03:53:07,11.0,1.0,,1.0,3.0,5,True,,,10.0,4.0,,,,4.0,,,,,,,,,,,,,,3.0,,,,,,,,,
163,PSAT,phasor,"['octave', 'university']",,Sinan81/PSAT,GPL,Unofficial repository of PSAT by Prof. Federico Milano.,https://github.com/Sinan81/PSAT,http://faraday1.ucd.ie/psat.html,2017-08-14 00:34:41,2023-12-08 10:57:10.000000,2020-06-23 22:43:53,16.0,8.0,,16.0,2.0,4,False,https://www.amazon.com/dp/B08P3QTQDV?ref_=pe_3052080_397514860,5.0,1.0,2.0,2020-02-24 07:44:55.000,2.1.11,2.0,,,,180.0,1.0,,,,,,,,,,3.0,,,,,,,,,
164,andes_gym,mrl,"['python', 'jupyter', 'university']",,cuihantao/andes_gym,GPL-3,ANDES RL Environment for OpenAI Gym.,https://github.com/cuihantao/andes_gym,https://github.com/cuihantao/andes_gym,2020-04-19 18:18:34,2022-01-28 19:53:49.000000,2022-01-28 19:53:49,31.0,6.0,,14.0,2.0,4,False,,1.0,1.0,,,,,,,,,,,,,,,,,,,3.0,,,,,,,,,
165,matmtdc,phasor,"['octave', 'university']",,HuaizhiWang/matmtdc,undefined,Dynamic analysis of AC/DC hybrid power systems.,https://github.com/HuaizhiWang/matmtdc,https://github.com/HuaizhiWang/matmtdc,2021-03-03 12:12:22,2021-05-04 03:35:50.000000,2021-05-04 03:35:50,5.0,6.0,,12.0,,4,False,,1.0,,,,,,,,,,,,,,,,,,,,3.0,,,,,,,,,
166,AMES (V4.0),steady-state,"['java', 'university']",,ames-market/AMES-v4.0,GPL-2,Agent based Modeling of Electricity Systems.,https://github.com/ames-market/AMES-v4.0,https://www2.econ.iastate.edu/tesfatsi/AMESMarketHome.htm,2017-04-18 18:19:21,2022-12-26 20:28:08.000000,2020-08-28 07:29:40,6.0,7.0,3.0,13.0,2.0,3,False,https://github.com/ames-market/AMES-v4.0/blob/master/USAGE.md,2.0,6.0,3.0,,,,,,,,,,,,,,,,,,3.0,,,,,,,,,
167,EasySimauto.jl,intf,"['gha', 'julia', 'university']",,mzy2240/EasySimauto.jl,Apache-2,Julia interface for EasySimAuto and PowerWorld.,https://github.com/mzy2240/EasySimauto.jl,https://github.com/mzy2240/EasySimauto.jl,2022-09-16 15:59:20,2023-07-31 19:46:50.000000,2023-07-31 19:46:46,15.0,,,7.0,2.0,3,False,,1.0,,2.0,2022-09-27 15:08:27.000,0.1.0,1.0,,,,,,,,,,,,,,,3.0,,,,,,,,,
168,PST,phasor,"['octave', 'university']",,cuihantao/pst,MIT,Unofficial repository of PST by Prof. Joe Chow.,https://github.com/cuihantao/pst,https://sites.ecse.rpi.edu/~chowj/,2020-04-11 01:17:35,2020-04-11 01:18:54.000000,2020-04-11 01:18:26,1.0,1.0,,5.0,,3,False,https://github.com/cuihantao/pst/blob/master/PSTv3/PSTMan.pdf,1.0,,,,,,,,,,,,,,,,,,,,3.0,,,,,,,,,
169,OpenDSS,steady-state,"['python', 'julia', 'c', 'octave', 'non-profit']",,,BSD,Distribution system simulator.,,https://www.epri.com/pages/sa/opendss,,,,,,,,,2,True,https://opendss.epri.com/opendss_documentation.html,,,,,,,,,,,,,,,,,,,,,3.0,,,,,,,,,
